league,season,team,player,nation,pos,age,born,Playing Time_MP,Playing Time_Starts,Playing Time_Min,Playing Time_90s,Performance_Gls,Performance_Ast,Performance_G+A,Performance_G-PK,Performance_PK,Performance_PKatt,Performance_CrdY,Performance_CrdR,Per 90 Minutes_Gls,Per 90 Minutes_Ast,Per 90 Minutes_G+A,Per 90 Minutes_G-PK,Per 90 Minutes_G+A-PK,season_start,stat_type
ENG-Premier League,2019/20,Arsenal,Ainsley Maitland-Niles,ENG,DF,21,1997,20,15,1386,15.4,0,2,2,0,0,0,6,1,0.0,0.13,0.13,0.0,0.13,2019,standard
ENG-Premier League,2019/20,Arsenal,Alexandre Lacazette,FRA,FW,28,1991,30,22,1874,20.8,10,4,14,10,0,0,8,0,0.48,0.19,0.67,0.48,0.67,2019,standard
ENG-Premier League,2019/20,Arsenal,Bernd Leno,GER,GK,27,1992,30,30,2649,29.4,0,0,0,0,0,0,2,0,0.0,0.0,0.0,0.0,0.0,2019,standard
ENG-Premier League,2019/20,Arsenal,Bukayo Saka,ENG,"MF,DF",17,2001,26,19,1753,19.5,1,5,6,1,0,0,6,0,0.05,0.26,0.31,0.05,0.31,2019,standard
ENG-Premier League,2019/20,Arsenal,Calum Chambers,ENG,DF,24,1995,14,13,1102,12.2,1,1,2,1,0,0,5,0,0.08,0.08,0.16,0.08,0.16,2019,standard
ENG-Premier League,2019/20,Arsenal,Cédric Soares,POR,MF,27,1991,5,3,249,2.8,1,0,1,1,0,0,0,0,0.36,0.0,0.36,0.36,0.36,2019,standard
ENG-Premier League,2019/20,Arsenal,Dani Ceballos,ESP,MF,22,1996,24,18,1692,18.8,0,2,2,0,0,0,1,0,0.0,0.11,0.11,0.0,0.11,2019,standard
ENG-Premier League,2019/20,Arsenal,David Luiz,BRA,DF,32,1987,33,32,2809,31.2,2,1,3,2,0,0,5,2,0.06,0.03,0.1,0.06,0.1,2019,standard
ENG-Premier League,2019/20,Arsenal,Eddie Nketiah,ENG,FW,20,1999,13,7,633,7.0,2,0,2,2,0,0,0,1,0.28,0.0,0.28,0.28,0.28,2019,standard
ENG-Premier League,2019/20,Arsenal,Emile Smith Rowe,ENG,MF,19,2000,2,1,97,1.1,0,0,0,0,0,0,0,0,0.0,0.0,0.0,0.0,0.0,2019,standard
ENG-Premier League,2019/20,Arsenal,Emiliano Martínez,ARG,GK,26,1992,9,8,771,8.6,0,0,0,0,0,0,2,0,0.0,0.0,0.0,0.0,0.0,2019,standard
ENG-Premier League,2019/20,Arsenal,Gabriel Martinelli,BRA,MF,18,2001,14,6,663,7.4,3,0,3,3,0,0,1,0,0.41,0.0,0.41,0.41,0.41,2019,standard
ENG-Premier League,2019/20,Arsenal,Granit Xhaka,SUI,MF,26,1992,31,30,2586,28.7,1,2,3,1,0,0,10,0,0.03,0.07,0.1,0.03,0.1,2019,standard
ENG-Premier League,2019/20,Arsenal,Henrikh Mkhitaryan,ARM,MF,30,1989,3,1,112,1.2,0,0,0,0,0,0,1,0,0.0,0.0,0.0,0.0,0.0,2019,standard
ENG-Premier League,2019/20,Arsenal,Héctor Bellerín,ESP,"DF,MF",24,1995,15,13,1158,12.9,1,0,1,1,0,0,2,0,0.08,0.0,0.08,0.08,0.08,2019,standard
ENG-Premier League,2019/20,Arsenal,Joe Willock,ENG,MF,19,1999,29,8,857,9.5,1,1,2,1,0,0,2,0,0.11,0.11,0.21,0.11,0.21,2019,standard
ENG-Premier League,2019/20,Arsenal,Kieran Tierney,SCO,"DF,MF",22,1997,15,12,989,11.0,1,1,2,1,0,0,2,0,0.09,0.09,0.18,0.09,0.18,2019,standard
ENG-Premier League,2019/20,Arsenal,Lucas Torreira,URU,MF,23,1996,29,17,1512,16.8,1,1,2,1,0,0,7,0,0.06,0.06,0.12,0.06,0.12,2019,standard
ENG-Premier League,2019/20,Arsenal,Mattéo Guendouzi,FRA,MF,20,1999,24,19,1748,19.4,0,1,1,0,0,0,6,0,0.0,0.05,0.05,0.0,0.05,2019,standard
ENG-Premier League,2019/20,Arsenal,Mesut Özil,GER,MF,30,1988,18,18,1438,16.0,1,2,3,1,0,0,1,0,0.06,0.13,0.19,0.06,0.19,2019,standard
ENG-Premier League,2019/20,Arsenal,Nacho Monreal,ESP,DF,33,1986,3,3,270,3.0,0,0,0,0,0,0,0,0,0.0,0.0,0.0,0.0,0.0,2019,standard
ENG-Premier League,2019/20,Arsenal,Nicolas Pépé,CIV,"MF,FW",24,1995,31,22,2010,22.3,5,6,11,4,1,1,4,0,0.22,0.27,0.49,0.18,0.45,2019,standard
ENG-Premier League,2019/20,Arsenal,Pablo Marí,ESP,DF,25,1993,2,2,113,1.3,0,0,0,0,0,0,0,0,0.0,0.0,0.0,0.0,0.0,2019,standard
ENG-Premier League,2019/20,Arsenal,Pierre-Emerick Aubameyang,GAB,"FW,MF",30,1989,36,35,3136,34.8,22,3,25,20,2,2,3,1,0.63,0.09,0.72,0.57,0.66,2019,standard
ENG-Premier League,2019/20,Arsenal,Reiss Nelson,ENG,"MF,FW",19,1999,17,7,631,7.0,1,0,1,1,0,0,1,0,0.14,0.0,0.14,0.14,0.14,2019,standard
ENG-Premier League,2019/20,Arsenal,Rob Holding,ENG,DF,23,1995,8,6,581,6.5,0,0,0,0,0,0,1,0,0.0,0.0,0.0,0.0,0.0,2019,standard
ENG-Premier League,2019/20,Arsenal,Sead Kolašinac,BIH,DF,26,1993,26,19,1701,18.9,0,2,2,0,0,0,4,0,0.0,0.11,0.11,0.0,0.11,2019,standard
ENG-Premier League,2019/20,Arsenal,Shkodran Mustafi,GER,DF,27,1992,15,13,1207,13.4,0,1,1,0,0,0,2,0,0.0,0.07,0.07,0.0,0.07,2019,standard
ENG-Premier League,2019/20,Arsenal,Sokratis Papastathopoulos,GRE,DF,31,1988,19,19,1696,18.8,2,0,2,2,0,0,6,0,0.11,0.0,0.11,0.11,0.11,2019,standard
ENG-Premier League,2019/20,Aston Villa,Ahmed Elmohamady,EGY,DF,31,1987,18,11,1031,11.5,1,1,2,1,0,0,1,0,0.09,0.09,0.17,0.09,0.17,2019,standard
ENG-Premier League,2019/20,Aston Villa,Anwar El Ghazi,NED,"FW,MF",24,1995,34,26,2051,22.8,4,4,8,3,1,1,3,0,0.18,0.18,0.35,0.13,0.31,2019,standard
ENG-Premier League,2019/20,Aston Villa,Björn Engels,BEL,DF,24,1994,17,15,1447,16.1,1,0,1,1,0,0,1,0,0.06,0.0,0.06,0.06,0.06,2019,standard
ENG-Premier League,2019/20,Aston Villa,Borja Bastón,ESP,FW,26,1992,2,0,18,0.2,0,0,0,0,0,0,0,0,0.0,0.0,0.0,0.0,0.0,2019,standard
ENG-Premier League,2019/20,Aston Villa,Conor Hourihane,IRL,MF,28,1991,27,18,1534,17.0,3,5,8,3,0,0,4,0,0.18,0.29,0.47,0.18,0.47,2019,standard
ENG-Premier League,2019/20,Aston Villa,Danny Drinkwater,ENG,MF,29,1990,4,4,259,2.9,0,0,0,0,0,0,1,0,0.0,0.0,0.0,0.0,0.0,2019,standard
ENG-Premier League,2019/20,Aston Villa,Douglas Luiz,BRA,MF,21,1998,36,28,2612,29.0,3,2,5,3,0,0,8,0,0.1,0.07,0.17,0.1,0.17,2019,standard
ENG-Premier League,2019/20,Aston Villa,Ezri Konsa,ENG,DF,21,1997,25,24,2039,22.7,1,2,3,1,0,0,3,0,0.04,0.09,0.13,0.04,0.13,2019,standard
ENG-Premier League,2019/20,Aston Villa,Frederic Guilbert,FRA,"DF,MF",24,1994,25,22,2041,22.7,0,2,2,0,0,0,7,0,0.0,0.09,0.09,0.0,0.09,2019,standard
ENG-Premier League,2019/20,Aston Villa,Henri Lansbury,ENG,MF,28,1990,10,2,195,2.2,0,0,0,0,0,0,0,0,0.0,0.0,0.0,0.0,0.0,2019,standard
ENG-Premier League,2019/20,Aston Villa,Indiana Vassilev,USA,"FW,MF",18,2001,4,0,51,0.6,0,0,0,0,0,0,0,0,0.0,0.0,0.0,0.0,0.0,2019,standard
ENG-Premier League,2019/20,Aston Villa,Jack Grealish,ENG,"FW,MF",23,1995,36,36,3233,35.9,8,6,14,8,0,1,8,0,0.22,0.17,0.39,0.22,0.39,2019,standard
ENG-Premier League,2019/20,Aston Villa,Jed Steer,ENG,GK,26,1992,1,1,7,0.1,0,0,0,0,0,0,0,0,0.0,0.0,0.0,0.0,0.0,2019,standard
ENG-Premier League,2019/20,Aston Villa,John McGinn,SCO,MF,24,1994,28,27,2312,25.7,3,3,6,3,0,0,3,0,0.12,0.12,0.23,0.12,0.23,2019,standard
ENG-Premier League,2019/20,Aston Villa,Jonathan Kodjia,CIV,FW,29,1989,6,0,117,1.3,0,0,0,0,0,0,1,0,0.0,0.0,0.0,0.0,0.0,2019,standard
ENG-Premier League,2019/20,Aston Villa,Jota,ESP,"MF,FW",28,1991,10,4,335,3.7,0,1,1,0,0,0,0,0,0.0,0.27,0.27,0.0,0.27,2019,standard
ENG-Premier League,2019/20,Aston Villa,Keinan Davis,ENG,FW,21,1998,18,4,548,6.1,0,0,0,0,0,0,0,0,0.0,0.0,0.0,0.0,0.0,2019,standard
ENG-Premier League,2019/20,Aston Villa,Kortney Hause,ENG,DF,24,1995,18,17,1545,17.2,1,0,1,1,0,0,3,0,0.06,0.0,0.06,0.06,0.06,2019,standard
ENG-Premier League,2019/20,Aston Villa,Marvelous Nakamba,ZIM,MF,25,1994,29,19,1836,20.4,0,0,0,0,0,0,5,0,0.0,0.0,0.0,0.0,0.0,2019,standard
ENG-Premier League,2019/20,Aston Villa,Matt Targett,ENG,"DF,MF",23,1995,28,27,2291,25.5,1,2,3,1,0,0,4,0,0.04,0.08,0.12,0.04,0.12,2019,standard
ENG-Premier League,2019/20,Aston Villa,Mbwana Samatta,TAN,FW,26,1992,14,11,943,10.5,1,0,1,1,0,0,1,0,0.1,0.0,0.1,0.1,0.1,2019,standard
ENG-Premier League,2019/20,Aston Villa,Neil Taylor,WAL,DF,30,1989,14,11,1091,12.1,0,0,0,0,0,0,2,0,0.0,0.0,0.0,0.0,0.0,2019,standard
ENG-Premier League,2019/20,Aston Villa,Pepe Reina,ESP,GK,36,1982,12,12,1080,12.0,0,0,0,0,0,0,1,0,0.0,0.0,0.0,0.0,0.0,2019,standard
ENG-Premier League,2019/20,Aston Villa,Tom Heaton,ENG,GK,33,1986,20,20,1794,19.9,0,0,0,0,0,0,0,0,0.0,0.0,0.0,0.0,0.0,2019,standard
ENG-Premier League,2019/20,Aston Villa,Trézéguet,EGY,"FW,MF",24,1994,34,20,1950,21.7,6,1,7,6,0,0,4,1,0.28,0.05,0.32,0.28,0.32,2019,standard
ENG-Premier League,2019/20,Aston Villa,Tyrone Mings,ENG,DF,26,1993,33,33,2902,32.2,2,2,4,2,0,0,7,0,0.06,0.06,0.12,0.06,0.12,2019,standard
ENG-Premier League,2019/20,Aston Villa,Wesley Moraes,BRA,FW,22,1996,21,21,1782,19.8,5,1,6,5,0,1,3,0,0.25,0.05,0.3,0.25,0.3,2019,standard
ENG-Premier League,2019/20,Aston Villa,Ørjan Nyland,NOR,GK,28,1990,7,5,539,6.0,0,0,0,0,0,0,0,0,0.0,0.0,0.0,0.0,0.0,2019,standard
ENG-Premier League,2019/20,Bournemouth,Aaron Ramsdale,ENG,GK,21,1998,37,37,3330,37.0,0,1,1,0,0,0,0,0,0.0,0.03,0.03,0.0,0.03,2019,standard
ENG-Premier League,2019/20,Bournemouth,Adam Smith,ENG,DF,28,1991,24,24,2055,22.8,0,1,1,0,0,0,7,0,0.0,0.04,0.04,0.0,0.04,2019,standard
ENG-Premier League,2019/20,Bournemouth,Andrew Surman,ENG,MF,32,1986,5,2,235,2.6,0,0,0,0,0,0,1,0,0.0,0.0,0.0,0.0,0.0,2019,standard
ENG-Premier League,2019/20,Bournemouth,Arnaut Danjuma,NED,MF,22,1997,14,6,630,7.0,0,0,0,0,0,0,0,0,0.0,0.0,0.0,0.0,0.0,2019,standard
ENG-Premier League,2019/20,Bournemouth,Callum Wilson,ENG,FW,27,1992,35,32,2908,32.3,8,1,9,8,0,0,10,0,0.25,0.03,0.28,0.25,0.28,2019,standard
ENG-Premier League,2019/20,Bournemouth,Charlie Daniels,ENG,DF,32,1986,2,2,126,1.4,0,0,0,0,0,0,0,0,0.0,0.0,0.0,0.0,0.0,2019,standard
ENG-Premier League,2019/20,Bournemouth,Chris Mepham,WAL,DF,21,1997,12,10,912,10.1,1,0,1,1,0,0,1,0,0.1,0.0,0.1,0.1,0.1,2019,standard
ENG-Premier League,2019/20,Bournemouth,Dan Gosling,ENG,MF,29,1990,24,14,1264,14.0,3,1,4,3,0,0,3,0,0.21,0.07,0.28,0.21,0.28,2019,standard
ENG-Premier League,2019/20,Bournemouth,David Brooks,WAL,MF,22,1997,9,8,506,5.6,1,0,1,1,0,0,1,0,0.18,0.0,0.18,0.18,0.18,2019,standard
ENG-Premier League,2019/20,Bournemouth,Diego Rico,ESP,DF,26,1993,27,27,2332,25.9,0,4,4,0,0,0,6,0,0.0,0.15,0.15,0.0,0.15,2019,standard
ENG-Premier League,2019/20,Bournemouth,Dominic Solanke,ENG,FW,21,1997,32,17,1651,18.3,3,1,4,3,0,0,1,0,0.16,0.05,0.22,0.16,0.22,2019,standard
ENG-Premier League,2019/20,Bournemouth,Harry Wilson,WAL,"MF,FW",22,1997,31,20,1646,18.3,7,0,7,7,0,0,2,0,0.38,0.0,0.38,0.38,0.38,2019,standard
ENG-Premier League,2019/20,Bournemouth,Jack Simpson,ENG,DF,22,1996,4,1,241,2.7,0,0,0,0,0,0,0,0,0.0,0.0,0.0,0.0,0.0,2019,standard
ENG-Premier League,2019/20,Bournemouth,Jack Stacey,ENG,DF,23,1996,19,17,1549,17.2,0,2,2,0,0,0,2,0,0.0,0.12,0.12,0.0,0.12,2019,standard
ENG-Premier League,2019/20,Bournemouth,Jefferson Lerma,COL,MF,24,1994,33,31,2703,30.0,1,2,3,1,0,0,13,1,0.03,0.07,0.1,0.03,0.1,2019,standard
ENG-Premier League,2019/20,Bournemouth,Jordon Ibe,ENG,"FW,MF",23,1995,2,0,50,0.6,0,0,0,0,0,0,0,0,0.0,0.0,0.0,0.0,0.0,2019,standard
ENG-Premier League,2019/20,Bournemouth,Joshua King,NOR,"FW,MF",27,1992,26,24,2011,22.3,6,4,10,3,3,3,0,0,0.27,0.18,0.45,0.13,0.31,2019,standard
ENG-Premier League,2019/20,Bournemouth,Junior Stanislas,ENG,"MF,DF",29,1989,15,7,712,7.9,3,0,3,2,1,1,1,0,0.38,0.0,0.38,0.25,0.25,2019,standard
ENG-Premier League,2019/20,Bournemouth,Lewis Cook,ENG,MF,22,1997,27,14,1352,15.0,0,0,0,0,0,0,5,0,0.0,0.0,0.0,0.0,0.0,2019,standard
ENG-Premier League,2019/20,Bournemouth,Lloyd Kelly,ENG,DF,20,1998,8,7,639,7.1,0,0,0,0,0,0,2,0,0.0,0.0,0.0,0.0,0.0,2019,standard
ENG-Premier League,2019/20,Bournemouth,Mark Travers,IRL,GK,20,1999,1,1,90,1.0,0,0,0,0,0,0,0,0,0.0,0.0,0.0,0.0,0.0,2019,standard
ENG-Premier League,2019/20,Bournemouth,Nathan Aké,NED,DF,24,1995,29,29,2503,27.8,2,2,4,2,0,0,2,0,0.07,0.07,0.14,0.07,0.14,2019,standard
ENG-Premier League,2019/20,Bournemouth,Philip Billing,DEN,MF,23,1996,34,29,2530,28.1,1,1,2,1,0,0,8,0,0.04,0.04,0.07,0.04,0.07,2019,standard
ENG-Premier League,2019/20,Bournemouth,Ryan Fraser,SCO,"MF,FW",25,1994,28,21,2067,23.0,1,4,5,1,0,0,2,0,0.04,0.17,0.22,0.04,0.22,2019,standard
ENG-Premier League,2019/20,Bournemouth,Sam Surridge,ENG,FW,21,1998,4,0,27,0.3,0,0,0,0,0,0,0,0,0.0,0.0,0.0,0.0,0.0,2019,standard
ENG-Premier League,2019/20,Bournemouth,Simon Francis,ENG,DF,34,1985,15,10,969,10.8,0,0,0,0,0,0,5,1,0.0,0.0,0.0,0.0,0.0,2019,standard
ENG-Premier League,2019/20,Bournemouth,Steve Cook,ENG,DF,28,1991,29,28,2428,27.0,1,0,1,1,0,0,6,1,0.04,0.0,0.04,0.04,0.04,2019,standard
ENG-Premier League,2019/20,Brighton,Aaron Connolly,IRL,FW,19,2000,24,14,1258,14.0,3,1,4,3,0,0,0,0,0.21,0.07,0.29,0.21,0.29,2019,standard
ENG-Premier League,2019/20,Brighton,Aaron Mooy,AUS,"MF,FW",28,1990,31,25,2085,23.2,2,2,4,2,0,0,3,1,0.09,0.09,0.17,0.09,0.17,2019,standard
ENG-Premier League,2019/20,Brighton,Adam Webster,ENG,DF,24,1995,31,31,2668,29.6,3,1,4,3,0,0,4,0,0.1,0.03,0.13,0.1,0.13,2019,standard
ENG-Premier League,2019/20,Brighton,Alexis Mac Allister,ARG,"MF,FW",20,1998,9,4,352,3.9,0,0,0,0,0,0,0,0,0.0,0.0,0.0,0.0,0.0,2019,standard
ENG-Premier League,2019/20,Brighton,Alireza Jahanbakhsh,IRN,"MF,FW",25,1993,10,3,311,3.5,2,0,2,2,0,0,0,0,0.58,0.0,0.58,0.58,0.58,2019,standard
ENG-Premier League,2019/20,Brighton,Bernardo,BRA,"DF,MF",24,1995,14,7,679,7.5,0,0,0,0,0,0,1,0,0.0,0.0,0.0,0.0,0.0,2019,standard
ENG-Premier League,2019/20,Brighton,Dale Stephens,ENG,MF,30,1989,33,28,2530,28.1,0,1,1,0,0,0,8,0,0.0,0.04,0.04,0.0,0.04,2019,standard
ENG-Premier League,2019/20,Brighton,Dan Burn,ENG,DF,27,1992,34,33,2880,32.0,0,0,0,0,0,0,5,0,0.0,0.0,0.0,0.0,0.0,2019,standard
ENG-Premier League,2019/20,Brighton,Davy Pröpper,NED,MF,27,1991,35,32,2829,31.4,1,2,3,1,0,0,4,0,0.03,0.06,0.1,0.03,0.1,2019,standard
ENG-Premier League,2019/20,Brighton,Ezequiel Schelotto,ITA,"DF,MF",30,1989,8,4,361,4.0,0,0,0,0,0,0,2,0,0.0,0.0,0.0,0.0,0.0,2019,standard
ENG-Premier League,2019/20,Brighton,Florin Andone,ROU,FW,26,1993,3,1,73,0.8,1,0,1,1,0,0,0,1,1.23,0.0,1.23,1.23,1.23,2019,standard
ENG-Premier League,2019/20,Brighton,Gaëtan Bong,CMR,DF,31,1988,4,0,59,0.7,0,0,0,0,0,0,0,0,0.0,0.0,0.0,0.0,0.0,2019,standard
ENG-Premier League,2019/20,Brighton,Glenn Murray,ENG,FW,35,1983,23,7,797,8.9,1,1,2,1,0,0,0,0,0.11,0.11,0.23,0.11,0.23,2019,standard
ENG-Premier League,2019/20,Brighton,Jürgen Locadia,CUW,MF,25,1993,2,1,86,1.0,0,0,0,0,0,0,0,0,0.0,0.0,0.0,0.0,0.0,2019,standard
ENG-Premier League,2019/20,Brighton,Leandro Trossard,BEL,"MF,FW",24,1994,31,22,2011,22.3,5,3,8,5,0,0,0,0,0.22,0.13,0.36,0.22,0.36,2019,standard
ENG-Premier League,2019/20,Brighton,Lewis Dunk,ENG,DF,27,1991,36,36,3230,35.9,3,3,6,3,0,0,9,0,0.08,0.08,0.17,0.08,0.17,2019,standard
ENG-Premier League,2019/20,Brighton,Martín Montoya,ESP,"DF,MF",28,1991,27,23,1896,21.1,0,1,1,0,0,0,5,0,0.0,0.05,0.05,0.0,0.05,2019,standard
ENG-Premier League,2019/20,Brighton,Mathew Ryan,AUS,GK,27,1992,38,38,3420,38.0,0,0,0,0,0,0,0,0,0.0,0.0,0.0,0.0,0.0,2019,standard
ENG-Premier League,2019/20,Brighton,Neal Maupay,FRA,FW,22,1996,37,30,2766,30.7,10,3,13,9,1,2,3,0,0.33,0.1,0.42,0.29,0.39,2019,standard
ENG-Premier League,2019/20,Brighton,Pascal Groß,GER,"MF,FW",28,1991,29,22,1796,20.0,2,4,6,2,0,0,4,0,0.1,0.2,0.3,0.1,0.3,2019,standard
ENG-Premier League,2019/20,Brighton,Shane Duffy,IRL,DF,27,1992,19,12,1238,13.8,1,0,1,1,0,0,2,0,0.07,0.0,0.07,0.07,0.07,2019,standard
ENG-Premier League,2019/20,Brighton,Solly March,ENG,"MF,FW",25,1994,19,11,1143,12.7,0,1,1,0,0,0,2,0,0.0,0.08,0.08,0.0,0.08,2019,standard
ENG-Premier League,2019/20,Brighton,Steven Alzate,COL,"MF,DF",20,1998,19,12,1188,13.2,0,0,0,0,0,0,1,0,0.0,0.0,0.0,0.0,0.0,2019,standard
ENG-Premier League,2019/20,Brighton,Tariq Lamptey,GHA,"DF,MF",18,2000,8,7,588,6.5,0,1,1,0,0,0,2,0,0.0,0.15,0.15,0.0,0.15,2019,standard
ENG-Premier League,2019/20,Brighton,Yves Bissouma,MLI,MF,22,1996,22,15,1259,14.0,1,0,1,1,0,0,4,0,0.07,0.0,0.07,0.07,0.07,2019,standard
ENG-Premier League,2019/20,Burnley,Aaron Lennon,ENG,MF,32,1987,16,4,496,5.5,0,0,0,0,0,0,4,0,0.0,0.0,0.0,0.0,0.0,2019,standard
ENG-Premier League,2019/20,Burnley,Ashley Barnes,ENG,FW,29,1989,19,17,1352,15.0,6,0,6,5,1,1,4,0,0.4,0.0,0.4,0.33,0.33,2019,standard
ENG-Premier League,2019/20,Burnley,Ashley Westwood,ENG,MF,29,1990,35,35,3150,35.0,2,6,8,2,0,0,9,0,0.06,0.17,0.23,0.06,0.23,2019,standard
ENG-Premier League,2019/20,Burnley,Ben Mee,ENG,DF,29,1989,32,32,2880,32.0,1,1,2,1,0,0,7,0,0.03,0.03,0.06,0.03,0.06,2019,standard
ENG-Premier League,2019/20,Burnley,Charlie Taylor,ENG,DF,25,1993,24,22,1945,21.6,0,1,1,0,0,0,3,0,0.0,0.05,0.05,0.0,0.05,2019,standard
ENG-Premier League,2019/20,Burnley,Chris Wood,NZL,FW,27,1991,32,29,2437,27.1,14,1,15,13,1,1,1,0,0.52,0.04,0.55,0.48,0.52,2019,standard
ENG-Premier League,2019/20,Burnley,Danny Drinkwater,ENG,MF,29,1990,1,1,58,0.6,0,0,0,0,0,0,0,0,0.0,0.0,0.0,0.0,0.0,2019,standard
ENG-Premier League,2019/20,Burnley,Dwight McNeil,ENG,MF,19,1999,38,38,3338,37.1,2,6,8,2,0,0,5,0,0.05,0.16,0.22,0.05,0.22,2019,standard
ENG-Premier League,2019/20,Burnley,Erik Pieters,NED,"DF,MF",30,1988,24,21,1878,20.9,0,4,4,0,0,0,2,0,0.0,0.19,0.19,0.0,0.19,2019,standard
ENG-Premier League,2019/20,Burnley,Jack Cork,ENG,MF,30,1989,30,30,2613,29.0,0,0,0,0,0,0,1,0,0.0,0.0,0.0,0.0,0.0,2019,standard
ENG-Premier League,2019/20,Burnley,James Tarkowski,ENG,DF,26,1992,38,38,3420,38.0,2,2,4,2,0,0,10,0,0.05,0.05,0.11,0.05,0.11,2019,standard
ENG-Premier League,2019/20,Burnley,Jay Rodriguez,ENG,FW,30,1989,36,20,2016,22.4,8,1,9,7,1,1,1,0,0.36,0.04,0.4,0.31,0.36,2019,standard
ENG-Premier League,2019/20,Burnley,Jeff Hendrick,IRL,MF,27,1992,24,22,1931,21.5,2,2,4,2,0,0,8,0,0.09,0.09,0.19,0.09,0.19,2019,standard
ENG-Premier League,2019/20,Burnley,Josh Brownhill,ENG,MF,23,1995,10,9,805,8.9,0,0,0,0,0,0,2,0,0.0,0.0,0.0,0.0,0.0,2019,standard
ENG-Premier League,2019/20,Burnley,Jóhann Berg Guðmundsson,ISL,MF,28,1990,12,6,621,6.9,1,1,2,1,0,0,0,0,0.14,0.14,0.29,0.14,0.29,2019,standard
ENG-Premier League,2019/20,Burnley,Kevin Long,IRL,DF,28,1990,8,6,564,6.3,0,0,0,0,0,0,0,0,0.0,0.0,0.0,0.0,0.0,2019,standard
ENG-Premier League,2019/20,Burnley,Matthew Lowton,ENG,DF,30,1989,17,17,1530,17.0,0,1,1,0,0,0,2,0,0.0,0.06,0.06,0.0,0.06,2019,standard
ENG-Premier League,2019/20,Burnley,Matěj Vydra,CZE,FW,27,1992,19,7,819,9.1,2,1,3,2,0,0,0,0,0.22,0.11,0.33,0.22,0.33,2019,standard
ENG-Premier League,2019/20,Burnley,Max Thompson,ENG,FW,17,2002,1,0,3,0.0,0,0,0,0,0,0,0,0,0.0,0.0,0.0,0.0,0.0,2019,standard
ENG-Premier League,2019/20,Burnley,Nick Pope,ENG,GK,27,1992,38,38,3420,38.0,0,0,0,0,0,0,1,0,0.0,0.0,0.0,0.0,0.0,2019,standard
ENG-Premier League,2019/20,Burnley,Phil Bardsley,SCO,DF,34,1985,21,21,1890,21.0,0,1,1,0,0,0,6,0,0.0,0.05,0.05,0.0,0.05,2019,standard
ENG-Premier League,2019/20,Burnley,Robbie Brady,IRL,MF,27,1992,17,5,454,5.0,1,2,3,1,0,0,1,0,0.2,0.4,0.59,0.2,0.59,2019,standard
ENG-Premier League,2019/20,Chelsea,Andreas Christensen,DEN,DF,23,1996,21,21,1751,19.5,0,0,0,0,0,0,5,0,0.0,0.0,0.0,0.0,0.0,2019,standard
ENG-Premier League,2019/20,Chelsea,Antonio Rüdiger,GER,DF,26,1993,20,19,1710,19.0,2,0,2,2,0,0,3,0,0.11,0.0,0.11,0.11,0.11,2019,standard
ENG-Premier League,2019/20,Chelsea,Armando Broja,ALB,FW,17,2001,1,0,5,0.1,0,0,0,0,0,0,0,0,0.0,0.0,0.0,0.0,0.0,2019,standard
ENG-Premier League,2019/20,Chelsea,Billy Gilmour,SCO,MF,18,2001,6,2,194,2.2,0,0,0,0,0,0,0,0,0.0,0.0,0.0,0.0,0.0,2019,standard
ENG-Premier League,2019/20,Chelsea,Callum Hudson-Odoi,ENG,"MF,FW",18,2000,22,7,863,9.6,1,5,6,1,0,0,1,0,0.1,0.52,0.63,0.1,0.63,2019,standard
ENG-Premier League,2019/20,Chelsea,Christian Pulisic,USA,"FW,MF",20,1998,25,19,1722,19.1,9,4,13,9,0,0,0,0,0.47,0.21,0.68,0.47,0.68,2019,standard
ENG-Premier League,2019/20,Chelsea,César Azpilicueta,ESP,"DF,MF",29,1989,36,36,3229,35.9,2,6,8,2,0,0,1,0,0.06,0.17,0.22,0.06,0.22,2019,standard
ENG-Premier League,2019/20,Chelsea,Emerson Palmieri,ITA,"DF,MF",24,1994,15,13,1024,11.4,0,0,0,0,0,0,3,0,0.0,0.0,0.0,0.0,0.0,2019,standard
ENG-Premier League,2019/20,Chelsea,Faustino Anjorin,ENG,MF,17,2001,1,0,20,0.2,0,0,0,0,0,0,0,0,0.0,0.0,0.0,0.0,0.0,2019,standard
ENG-Premier League,2019/20,Chelsea,Fikayo Tomori,ENG,DF,21,1997,15,15,1291,14.3,1,0,1,1,0,0,3,0,0.07,0.0,0.07,0.07,0.07,2019,standard
ENG-Premier League,2019/20,Chelsea,Jorginho,ITA,MF,27,1991,31,27,2379,26.4,4,2,6,1,3,3,10,0,0.15,0.08,0.23,0.04,0.11,2019,standard
ENG-Premier League,2019/20,Chelsea,Kepa Arrizabalaga,ESP,GK,24,1994,33,33,2970,33.0,0,0,0,0,0,0,0,0,0.0,0.0,0.0,0.0,0.0,2019,standard
ENG-Premier League,2019/20,Chelsea,Kurt Zouma,FRA,DF,24,1994,28,25,2344,26.0,0,0,0,0,0,0,6,0,0.0,0.0,0.0,0.0,0.0,2019,standard
ENG-Premier League,2019/20,Chelsea,Marcos Alonso,ESP,"DF,MF",28,1990,18,15,1430,15.9,4,2,6,4,0,0,4,0,0.25,0.13,0.38,0.25,0.38,2019,standard
ENG-Premier League,2019/20,Chelsea,Mason Mount,ENG,"MF,FW",20,1999,37,32,2867,31.9,7,5,12,7,0,0,3,0,0.22,0.16,0.38,0.22,0.38,2019,standard
ENG-Premier League,2019/20,Chelsea,Mateo Kovačić,CRO,MF,25,1994,31,23,2073,23.0,1,3,4,1,0,0,8,0,0.04,0.13,0.17,0.04,0.17,2019,standard
ENG-Premier League,2019/20,Chelsea,Michy Batshuayi,BEL,FW,25,1993,16,1,239,2.7,1,1,2,1,0,0,0,0,0.38,0.38,0.75,0.38,0.75,2019,standard
ENG-Premier League,2019/20,Chelsea,N'Golo Kanté,FRA,MF,28,1991,22,20,1732,19.2,3,0,3,3,0,0,4,0,0.16,0.0,0.16,0.16,0.16,2019,standard
ENG-Premier League,2019/20,Chelsea,Olivier Giroud,FRA,FW,32,1986,18,12,993,11.0,8,0,8,8,0,0,1,0,0.73,0.0,0.73,0.73,0.73,2019,standard
ENG-Premier League,2019/20,Chelsea,Pedro,ESP,"MF,FW",32,1987,11,8,661,7.3,1,1,2,1,0,0,1,0,0.14,0.14,0.27,0.14,0.27,2019,standard
ENG-Premier League,2019/20,Chelsea,Reece James,ENG,"DF,MF",19,1999,24,16,1515,16.8,0,2,2,0,0,0,1,0,0.0,0.12,0.12,0.0,0.12,2019,standard
ENG-Premier League,2019/20,Chelsea,Ross Barkley,ENG,MF,25,1993,21,13,1103,12.3,1,4,5,1,0,0,0,0,0.08,0.33,0.41,0.08,0.41,2019,standard
ENG-Premier League,2019/20,Chelsea,Ruben Loftus-Cheek,ENG,"MF,FW",23,1996,7,2,208,2.3,0,1,1,0,0,0,0,0,0.0,0.43,0.43,0.0,0.43,2019,standard
ENG-Premier League,2019/20,Chelsea,Tammy Abraham,ENG,FW,21,1997,34,25,2215,24.6,15,3,18,15,0,0,2,0,0.61,0.12,0.73,0.61,0.73,2019,standard
ENG-Premier League,2019/20,Chelsea,Tariq Lamptey,GHA,"DF,MF",18,2000,1,0,32,0.4,0,0,0,0,0,0,0,0,0.0,0.0,0.0,0.0,0.0,2019,standard
ENG-Premier League,2019/20,Chelsea,Willian,BRA,"FW,MF",30,1988,36,29,2600,28.9,9,7,16,5,4,4,4,0,0.31,0.24,0.55,0.17,0.42,2019,standard
ENG-Premier League,2019/20,Chelsea,Willy Caballero,ARG,GK,37,1981,5,5,450,5.0,0,0,0,0,0,0,0,0,0.0,0.0,0.0,0.0,0.0,2019,standard
ENG-Premier League,2019/20,Crystal Palace,Andros Townsend,ENG,MF,28,1991,24,14,1294,14.4,1,1,2,1,0,0,0,0,0.07,0.07,0.14,0.07,0.14,2019,standard
ENG-Premier League,2019/20,Crystal Palace,Brandon Pierrick,ENG,MF,17,2001,2,0,15,0.2,0,0,0,0,0,0,0,0,0.0,0.0,0.0,0.0,0.0,2019,standard
ENG-Premier League,2019/20,Crystal Palace,Cenk Tosun,TUR,FW,28,1991,5,2,177,2.0,1,0,1,1,0,0,0,0,0.51,0.0,0.51,0.51,0.51,2019,standard
ENG-Premier League,2019/20,Crystal Palace,Cheikhou Kouyaté,SEN,MF,29,1989,35,29,2528,28.1,1,1,2,1,0,0,4,0,0.04,0.04,0.07,0.04,0.07,2019,standard
ENG-Premier League,2019/20,Crystal Palace,Christian Benteke,BEL,FW,28,1990,24,13,1261,14.0,2,1,3,2,0,0,4,1,0.14,0.07,0.21,0.14,0.21,2019,standard
ENG-Premier League,2019/20,Crystal Palace,Connor Wickham,ENG,"FW,MF",26,1993,6,0,96,1.1,1,1,2,1,0,0,0,0,0.94,0.94,1.87,0.94,1.87,2019,standard
ENG-Premier League,2019/20,Crystal Palace,Gary Cahill,ENG,DF,33,1985,25,25,2167,24.1,0,1,1,0,0,0,1,0,0.0,0.04,0.04,0.0,0.04,2019,standard
ENG-Premier League,2019/20,Crystal Palace,James McArthur,SCO,MF,31,1987,37,37,3090,34.3,0,3,3,0,0,0,6,0,0.0,0.09,0.09,0.0,0.09,2019,standard
ENG-Premier League,2019/20,Crystal Palace,James McCarthy,IRL,MF,28,1990,33,16,1680,18.7,0,0,0,0,0,0,9,0,0.0,0.0,0.0,0.0,0.0,2019,standard
ENG-Premier League,2019/20,Crystal Palace,James Tomkins,ENG,DF,30,1989,18,18,1582,17.6,1,1,2,1,0,0,5,0,0.06,0.06,0.11,0.06,0.11,2019,standard
ENG-Premier League,2019/20,Crystal Palace,Jaïro Riedewald,NED,"DF,MF",22,1996,17,7,769,8.5,0,0,0,0,0,0,0,0,0.0,0.0,0.0,0.0,0.0,2019,standard
ENG-Premier League,2019/20,Crystal Palace,Jeffrey Schlupp,GHA,MF,26,1992,17,11,1036,11.5,3,1,4,3,0,0,2,0,0.26,0.09,0.35,0.26,0.35,2019,standard
ENG-Premier League,2019/20,Crystal Palace,Joel Ward,ENG,DF,29,1989,29,27,2382,26.5,0,0,0,0,0,0,4,0,0.0,0.0,0.0,0.0,0.0,2019,standard
ENG-Premier League,2019/20,Crystal Palace,Jordan Ayew,GHA,"FW,MF",27,1991,37,37,3148,35.0,9,2,11,9,0,0,6,0,0.26,0.06,0.31,0.26,0.31,2019,standard
ENG-Premier League,2019/20,Crystal Palace,Luka Milivojević,SRB,MF,28,1991,31,28,2513,27.9,3,1,4,1,2,2,12,0,0.11,0.04,0.14,0.04,0.07,2019,standard
ENG-Premier League,2019/20,Crystal Palace,Mamadou Sakho,FRA,DF,29,1990,14,11,931,10.3,0,0,0,0,0,0,1,1,0.0,0.0,0.0,0.0,0.0,2019,standard
ENG-Premier League,2019/20,Crystal Palace,Martin Kelly,ENG,DF,29,1990,19,17,1549,17.2,0,1,1,0,0,0,0,0,0.0,0.06,0.06,0.0,0.06,2019,standard
ENG-Premier League,2019/20,Crystal Palace,Max Meyer,GER,"MF,FW",23,1995,17,6,655,7.3,0,0,0,0,0,0,1,0,0.0,0.0,0.0,0.0,0.0,2019,standard
ENG-Premier League,2019/20,Crystal Palace,Patrick van Aanholt,NED,DF,28,1990,29,29,2507,27.9,3,2,5,2,1,1,0,0,0.11,0.07,0.18,0.07,0.14,2019,standard
ENG-Premier League,2019/20,Crystal Palace,Scott Dann,ENG,DF,32,1987,16,14,1266,14.1,0,1,1,0,0,0,0,0,0.0,0.07,0.07,0.0,0.07,2019,standard
ENG-Premier League,2019/20,Crystal Palace,Tyrick Mitchell,ENG,DF,19,1999,4,2,195,2.2,0,0,0,0,0,0,1,0,0.0,0.0,0.0,0.0,0.0,2019,standard
ENG-Premier League,2019/20,Crystal Palace,Vicente Guaita,ESP,GK,32,1987,35,35,3150,35.0,0,0,0,0,0,0,1,0,0.0,0.0,0.0,0.0,0.0,2019,standard
ENG-Premier League,2019/20,Crystal Palace,Víctor Camarasa,ESP,MF,25,1994,1,0,6,0.1,0,0,0,0,0,0,0,0,0.0,0.0,0.0,0.0,0.0,2019,standard
ENG-Premier League,2019/20,Crystal Palace,Wayne Hennessey,WAL,GK,32,1987,3,3,270,3.0,0,0,0,0,0,0,0,0,0.0,0.0,0.0,0.0,0.0,2019,standard
ENG-Premier League,2019/20,Crystal Palace,Wilfried Zaha,CIV,"MF,FW",26,1992,38,37,3280,36.4,4,3,7,4,0,0,5,0,0.11,0.08,0.19,0.11,0.19,2019,standard
ENG-Premier League,2019/20,Everton,Alex Iwobi,NGA,MF,23,1996,25,19,1596,17.7,1,0,1,1,0,0,0,0,0.06,0.0,0.06,0.06,0.06,2019,standard
ENG-Premier League,2019/20,Everton,André Gomes,POR,MF,26,1993,19,17,1458,16.2,0,1,1,0,0,0,6,0,0.0,0.06,0.06,0.0,0.06,2019,standard
ENG-Premier League,2019/20,Everton,Anthony Gordon,ENG,MF,18,2001,11,4,440,4.9,0,1,1,0,0,0,0,0,0.0,0.2,0.2,0.0,0.2,2019,standard
ENG-Premier League,2019/20,Everton,Bernard,BRA,MF,26,1992,27,15,1280,14.2,3,2,5,3,0,0,2,0,0.21,0.14,0.35,0.21,0.35,2019,standard
ENG-Premier League,2019/20,Everton,Cenk Tosun,TUR,FW,28,1991,5,2,291,3.2,1,0,1,1,0,0,0,0,0.31,0.0,0.31,0.31,0.31,2019,standard
ENG-Premier League,2019/20,Everton,Djibril Sidibé,FRA,"DF,MF",27,1992,25,18,1824,20.3,0,4,4,0,0,0,3,0,0.0,0.2,0.2,0.0,0.2,2019,standard
ENG-Premier League,2019/20,Everton,Dominic Calvert-Lewin,ENG,FW,22,1997,36,30,2626,29.2,13,1,14,13,0,0,9,0,0.45,0.03,0.48,0.45,0.48,2019,standard
ENG-Premier League,2019/20,Everton,Fabian Delph,ENG,MF,29,1989,16,13,1190,13.2,0,0,0,0,0,0,5,1,0.0,0.0,0.0,0.0,0.0,2019,standard
ENG-Premier League,2019/20,Everton,Gylfi Sigurðsson,ISL,MF,29,1989,35,28,2560,28.4,2,3,5,1,1,1,3,0,0.07,0.11,0.18,0.04,0.14,2019,standard
ENG-Premier League,2019/20,Everton,Jarrad Branthwaite,ENG,DF,17,2002,4,2,300,3.3,0,0,0,0,0,0,0,0,0.0,0.0,0.0,0.0,0.0,2019,standard
ENG-Premier League,2019/20,Everton,Jean-Philippe Gbamin,CIV,MF,23,1995,2,1,136,1.5,0,0,0,0,0,0,0,0,0.0,0.0,0.0,0.0,0.0,2019,standard
ENG-Premier League,2019/20,Everton,Jordan Pickford,ENG,GK,25,1994,38,38,3420,38.0,0,0,0,0,0,0,2,0,0.0,0.0,0.0,0.0,0.0,2019,standard
ENG-Premier League,2019/20,Everton,Leighton Baines,ENG,"DF,MF",34,1984,8,4,404,4.5,0,0,0,0,0,0,0,0,0.0,0.0,0.0,0.0,0.0,2019,standard
ENG-Premier League,2019/20,Everton,Lucas Digne,FRA,DF,26,1993,35,35,3030,33.7,0,7,7,0,0,0,6,0,0.0,0.21,0.21,0.0,0.21,2019,standard
ENG-Premier League,2019/20,Everton,Mason Holgate,JAM,DF,22,1996,27,24,2054,22.8,0,3,3,0,0,0,5,0,0.0,0.13,0.13,0.0,0.13,2019,standard
ENG-Premier League,2019/20,Everton,Michael Keane,ENG,DF,26,1993,31,28,2559,28.4,2,0,2,2,0,0,3,0,0.07,0.0,0.07,0.07,0.07,2019,standard
ENG-Premier League,2019/20,Everton,Moise Kean,ITA,FW,19,2000,29,6,852,9.5,2,2,4,2,0,0,1,0,0.21,0.21,0.42,0.21,0.42,2019,standard
ENG-Premier League,2019/20,Everton,Morgan Schneiderlin,FRA,MF,29,1989,15,12,1001,11.1,0,0,0,0,0,0,6,1,0.0,0.0,0.0,0.0,0.0,2019,standard
ENG-Premier League,2019/20,Everton,Oumar Niasse,SEN,"FW,MF",29,1990,3,0,22,0.2,0,0,0,0,0,0,0,0,0.0,0.0,0.0,0.0,0.0,2019,standard
ENG-Premier League,2019/20,Everton,Richarlison,BRA,"FW,MF",22,1997,36,36,3070,34.1,13,3,16,13,0,0,8,0,0.38,0.09,0.47,0.38,0.47,2019,standard
ENG-Premier League,2019/20,Everton,Séamus Coleman,IRL,DF,30,1988,27,21,1839,20.4,0,1,1,0,0,0,5,1,0.0,0.05,0.05,0.0,0.05,2019,standard
ENG-Premier League,2019/20,Everton,Theo Walcott,ENG,MF,30,1989,25,17,1287,14.3,2,3,5,2,0,0,1,0,0.14,0.21,0.35,0.14,0.35,2019,standard
ENG-Premier League,2019/20,Everton,Tom Davies,ENG,MF,21,1998,30,23,2027,22.5,1,0,1,1,0,0,8,0,0.04,0.0,0.04,0.04,0.04,2019,standard
ENG-Premier League,2019/20,Everton,Yerry Mina,COL,DF,24,1994,29,25,2284,25.4,2,1,3,2,0,0,3,0,0.08,0.04,0.12,0.08,0.12,2019,standard
ENG-Premier League,2019/20,Leicester City,Ayoze Pérez,ESP,"MF,FW",26,1993,33,26,2004,22.3,8,4,12,7,1,1,0,0,0.36,0.18,0.54,0.31,0.49,2019,standard
ENG-Premier League,2019/20,Leicester City,Ben Chilwell,ENG,DF,22,1996,27,27,2373,26.4,3,3,6,3,0,0,3,0,0.11,0.11,0.23,0.11,0.23,2019,standard
ENG-Premier League,2019/20,Leicester City,Christian Fuchs,AUT,"DF,MF",33,1986,11,8,772,8.6,0,0,0,0,0,0,0,0,0.0,0.0,0.0,0.0,0.0,2019,standard
ENG-Premier League,2019/20,Leicester City,Demarai Gray,JAM,MF,23,1996,21,3,622,6.9,2,3,5,2,0,1,1,0,0.29,0.43,0.72,0.29,0.72,2019,standard
ENG-Premier League,2019/20,Leicester City,Dennis Praet,BEL,MF,25,1994,27,12,1134,12.6,1,2,3,1,0,0,2,0,0.08,0.16,0.24,0.08,0.24,2019,standard
ENG-Premier League,2019/20,Leicester City,George Hirst,SCO,FW,20,1999,2,0,11,0.1,0,0,0,0,0,0,0,0,0.0,0.0,0.0,0.0,0.0,2019,standard
ENG-Premier League,2019/20,Leicester City,Hamza Choudhury,BAN,MF,21,1997,20,10,893,9.9,1,1,2,1,0,0,4,1,0.1,0.1,0.2,0.1,0.2,2019,standard
ENG-Premier League,2019/20,Leicester City,Harvey Barnes,ENG,MF,21,1997,36,24,2083,23.1,6,8,14,6,0,0,0,0,0.26,0.35,0.6,0.26,0.6,2019,standard
ENG-Premier League,2019/20,Leicester City,James Justin,ENG,"DF,MF",21,1998,13,11,1012,11.2,0,1,1,0,0,0,1,0,0.0,0.09,0.09,0.0,0.09,2019,standard
ENG-Premier League,2019/20,Leicester City,James Maddison,ENG,"MF,FW",22,1996,31,29,2624,29.2,6,3,9,6,0,0,4,0,0.21,0.1,0.31,0.21,0.31,2019,standard
ENG-Premier League,2019/20,Leicester City,Jamie Vardy,ENG,FW,32,1987,35,34,3033,33.7,23,5,28,19,4,5,2,0,0.68,0.15,0.83,0.56,0.71,2019,standard
ENG-Premier League,2019/20,Leicester City,Jonny Evans,NIR,DF,31,1988,38,38,3383,37.6,1,1,2,1,0,0,8,1,0.03,0.03,0.05,0.03,0.05,2019,standard
ENG-Premier League,2019/20,Leicester City,Kasper Schmeichel,DEN,GK,32,1986,38,38,3420,38.0,0,0,0,0,0,0,2,0,0.0,0.0,0.0,0.0,0.0,2019,standard
ENG-Premier League,2019/20,Leicester City,Kelechi Iheanacho,NGA,FW,22,1996,20,12,960,10.7,5,3,8,5,0,0,1,0,0.47,0.28,0.75,0.47,0.75,2019,standard
ENG-Premier League,2019/20,Leicester City,Luke Thomas,ENG,MF,18,2001,3,3,267,3.0,0,1,1,0,0,0,0,0,0.0,0.34,0.34,0.0,0.34,2019,standard
ENG-Premier League,2019/20,Leicester City,Marc Albrighton,ENG,MF,29,1989,20,9,867,9.6,0,3,3,0,0,0,2,0,0.0,0.31,0.31,0.0,0.31,2019,standard
ENG-Premier League,2019/20,Leicester City,Matty James,ENG,MF,28,1991,1,0,6,0.1,0,0,0,0,0,0,0,0,0.0,0.0,0.0,0.0,0.0,2019,standard
ENG-Premier League,2019/20,Leicester City,Nampalys Mendy,SEN,MF,27,1992,7,4,291,3.2,0,0,0,0,0,0,0,0,0.0,0.0,0.0,0.0,0.0,2019,standard
ENG-Premier League,2019/20,Leicester City,Ricardo Pereira,POR,DF,25,1993,28,28,2520,28.0,3,2,5,3,0,0,1,0,0.11,0.07,0.18,0.11,0.18,2019,standard
ENG-Premier League,2019/20,Leicester City,Ryan Bennett,ENG,DF,29,1990,5,3,331,3.7,0,0,0,0,0,0,0,0,0.0,0.0,0.0,0.0,0.0,2019,standard
ENG-Premier League,2019/20,Leicester City,Wes Morgan,JAM,DF,35,1984,11,4,436,4.8,0,0,0,0,0,0,0,0,0.0,0.0,0.0,0.0,0.0,2019,standard
ENG-Premier League,2019/20,Leicester City,Wilfred Ndidi,NGA,MF,22,1996,32,29,2674,29.7,2,1,3,2,0,0,6,0,0.07,0.03,0.1,0.07,0.1,2019,standard
ENG-Premier League,2019/20,Leicester City,Youri Tielemans,BEL,MF,22,1997,37,32,2828,31.4,3,6,9,3,0,0,2,0,0.1,0.19,0.29,0.1,0.29,2019,standard
ENG-Premier League,2019/20,Leicester City,Çağlar Söyüncü,TUR,DF,23,1996,34,34,3036,33.7,1,1,2,1,0,0,4,1,0.03,0.03,0.06,0.03,0.06,2019,standard
ENG-Premier League,2019/20,Liverpool,Adam Lallana,ENG,MF,31,1988,15,3,382,4.2,1,1,2,1,0,0,1,0,0.24,0.24,0.47,0.24,0.47,2019,standard
ENG-Premier League,2019/20,Liverpool,Adrián,ESP,GK,32,1987,11,9,875,9.7,0,0,0,0,0,0,1,0,0.0,0.0,0.0,0.0,0.0,2019,standard
ENG-Premier League,2019/20,Liverpool,Alex Oxlade-Chamberlain,ENG,"MF,FW",25,1993,30,17,1485,16.5,4,1,5,4,0,0,1,0,0.24,0.06,0.3,0.24,0.3,2019,standard
ENG-Premier League,2019/20,Liverpool,Alisson,BRA,GK,26,1992,29,29,2543,28.3,0,1,1,0,0,0,0,1,0.0,0.04,0.04,0.0,0.04,2019,standard
ENG-Premier League,2019/20,Liverpool,Andy Robertson,SCO,DF,25,1994,36,34,3111,34.6,2,12,14,2,0,0,2,0,0.06,0.35,0.41,0.06,0.41,2019,standard
ENG-Premier League,2019/20,Liverpool,Curtis Jones,ENG,MF,18,2001,6,1,126,1.4,1,0,1,1,0,0,0,0,0.71,0.0,0.71,0.71,0.71,2019,standard
ENG-Premier League,2019/20,Liverpool,Dejan Lovren,CRO,DF,30,1989,10,9,777,8.6,0,1,1,0,0,0,1,0,0.0,0.12,0.12,0.0,0.12,2019,standard
ENG-Premier League,2019/20,Liverpool,Divock Origi,BEL,FW,24,1995,28,7,717,8.0,4,1,5,4,0,0,1,0,0.5,0.13,0.63,0.5,0.63,2019,standard
ENG-Premier League,2019/20,Liverpool,Fabinho,BRA,MF,25,1993,28,22,2079,23.1,2,3,5,2,0,0,6,0,0.09,0.13,0.22,0.09,0.22,2019,standard
ENG-Premier League,2019/20,Liverpool,Georginio Wijnaldum,NED,MF,28,1990,37,35,2935,32.6,4,0,4,4,0,0,0,0,0.12,0.0,0.12,0.12,0.12,2019,standard
ENG-Premier League,2019/20,Liverpool,Harvey Elliott,ENG,"FW,MF",16,2003,2,0,8,0.1,0,0,0,0,0,0,0,0,0.0,0.0,0.0,0.0,0.0,2019,standard
ENG-Premier League,2019/20,Liverpool,James Milner,ENG,"MF,DF",33,1986,22,9,937,10.4,2,2,4,0,2,2,4,0,0.19,0.19,0.38,0.0,0.19,2019,standard
ENG-Premier League,2019/20,Liverpool,Joe Gomez,ENG,DF,22,1997,28,22,2004,22.3,0,0,0,0,0,0,7,0,0.0,0.0,0.0,0.0,0.0,2019,standard
ENG-Premier League,2019/20,Liverpool,Jordan Henderson,ENG,MF,29,1990,30,26,2238,24.9,4,5,9,4,0,0,2,0,0.16,0.2,0.36,0.16,0.36,2019,standard
ENG-Premier League,2019/20,Liverpool,Joël Matip,CMR,DF,27,1991,9,8,703,7.8,1,0,1,1,0,0,0,0,0.13,0.0,0.13,0.13,0.13,2019,standard
ENG-Premier League,2019/20,Liverpool,Mohamed Salah,EGY,FW,27,1992,34,33,2876,32.0,19,10,29,16,3,3,1,0,0.59,0.31,0.91,0.5,0.81,2019,standard
ENG-Premier League,2019/20,Liverpool,Naby Keïta,GUI,MF,24,1995,18,9,815,9.1,2,3,5,2,0,0,1,0,0.22,0.33,0.55,0.22,0.55,2019,standard
ENG-Premier League,2019/20,Liverpool,Neco Williams,WAL,DF,18,2001,6,3,230,2.6,0,0,0,0,0,0,1,0,0.0,0.0,0.0,0.0,0.0,2019,standard
ENG-Premier League,2019/20,Liverpool,Roberto Firmino,BRA,FW,27,1991,38,34,2988,33.2,9,8,17,9,0,0,0,0,0.27,0.24,0.51,0.27,0.51,2019,standard
ENG-Premier League,2019/20,Liverpool,Sadio Mané,SEN,FW,27,1992,35,31,2747,30.5,18,7,25,18,0,0,3,0,0.59,0.23,0.82,0.59,0.82,2019,standard
ENG-Premier League,2019/20,Liverpool,Takumi Minamino,JPN,FW,24,1995,10,2,249,2.8,0,0,0,0,0,0,0,0,0.0,0.0,0.0,0.0,0.0,2019,standard
ENG-Premier League,2019/20,Liverpool,Trent Alexander-Arnold,ENG,DF,20,1998,38,35,3175,35.3,4,13,17,4,0,0,5,0,0.11,0.37,0.48,0.11,0.48,2019,standard
ENG-Premier League,2019/20,Liverpool,Virgil van Dijk,NED,DF,28,1991,38,38,3420,38.0,5,1,6,5,0,0,1,0,0.13,0.03,0.16,0.13,0.16,2019,standard
ENG-Premier League,2019/20,Liverpool,Xherdan Shaqiri,SUI,MF,27,1991,7,2,185,2.1,1,0,1,1,0,0,0,0,0.49,0.0,0.49,0.49,0.49,2019,standard
ENG-Premier League,2019/20,Manchester City,Angeliño,ESP,DF,22,1997,6,4,423,4.7,0,0,0,0,0,0,1,0,0.0,0.0,0.0,0.0,0.0,2019,standard
ENG-Premier League,2019/20,Manchester City,Aymeric Laporte,ESP,DF,25,1994,15,14,1097,12.2,1,0,1,1,0,0,1,0,0.08,0.0,0.08,0.08,0.08,2019,standard
ENG-Premier League,2019/20,Manchester City,Benjamin Mendy,FRA,DF,25,1994,19,18,1492,16.6,0,2,2,0,0,0,3,0,0.0,0.12,0.12,0.0,0.12,2019,standard
ENG-Premier League,2019/20,Manchester City,Bernardo Silva,POR,"FW,MF",24,1994,34,23,2030,22.6,6,7,13,6,0,0,5,0,0.27,0.31,0.58,0.27,0.58,2019,standard
ENG-Premier League,2019/20,Manchester City,Claudio Bravo,CHI,GK,36,1983,4,3,347,3.9,0,0,0,0,0,0,0,0,0.0,0.0,0.0,0.0,0.0,2019,standard
ENG-Premier League,2019/20,Manchester City,David Silva,ESP,MF,33,1986,27,22,1826,20.3,6,10,16,6,0,0,0,0,0.3,0.49,0.79,0.3,0.79,2019,standard
ENG-Premier League,2019/20,Manchester City,Ederson Moraes,BRA,GK,25,1993,35,35,3071,34.1,0,0,0,0,0,0,3,1,0.0,0.0,0.0,0.0,0.0,2019,standard
ENG-Premier League,2019/20,Manchester City,Eric García,ESP,DF,18,2001,13,8,793,8.8,0,0,0,0,0,0,1,0,0.0,0.0,0.0,0.0,0.0,2019,standard
ENG-Premier League,2019/20,Manchester City,Fernandinho,BRA,DF,34,1985,30,26,2397,26.6,0,1,1,0,0,0,9,2,0.0,0.04,0.04,0.0,0.04,2019,standard
ENG-Premier League,2019/20,Manchester City,Gabriel Jesus,BRA,FW,22,1997,34,21,2030,22.6,14,7,21,14,0,1,3,0,0.62,0.31,0.93,0.62,0.93,2019,standard
ENG-Premier League,2019/20,Manchester City,John Stones,ENG,DF,25,1994,16,12,1122,12.5,0,0,0,0,0,0,0,0,0.0,0.0,0.0,0.0,0.0,2019,standard
ENG-Premier League,2019/20,Manchester City,João Cancelo,POR,DF,25,1994,17,13,1208,13.4,0,0,0,0,0,0,4,0,0.0,0.0,0.0,0.0,0.0,2019,standard
ENG-Premier League,2019/20,Manchester City,Kevin De Bruyne,BEL,MF,28,1991,35,32,2791,31.0,13,20,33,11,2,2,3,0,0.42,0.64,1.06,0.35,1.0,2019,standard
ENG-Premier League,2019/20,Manchester City,Kyle Walker,ENG,DF,29,1990,29,28,2392,26.6,1,4,5,1,0,0,5,0,0.04,0.15,0.19,0.04,0.19,2019,standard
ENG-Premier League,2019/20,Manchester City,Leroy Sané,GER,"FW,MF",23,1996,1,0,12,0.1,0,0,0,0,0,0,0,0,0.0,0.0,0.0,0.0,0.0,2019,standard
ENG-Premier League,2019/20,Manchester City,Nicolás Otamendi,ARG,DF,31,1988,24,18,1715,19.1,2,0,2,2,0,0,3,0,0.1,0.0,0.1,0.1,0.1,2019,standard
ENG-Premier League,2019/20,Manchester City,Oleksandr Zinchenko,UKR,DF,22,1996,19,13,1276,14.2,0,0,0,0,0,0,2,1,0.0,0.0,0.0,0.0,0.0,2019,standard
ENG-Premier League,2019/20,Manchester City,Phil Foden,ENG,"FW,MF",19,2000,23,9,901,10.0,5,2,7,5,0,0,0,0,0.5,0.2,0.7,0.5,0.7,2019,standard
ENG-Premier League,2019/20,Manchester City,Raheem Sterling,ENG,"FW,MF",24,1994,33,30,2651,29.5,20,1,21,20,0,2,5,0,0.68,0.03,0.71,0.68,0.71,2019,standard
ENG-Premier League,2019/20,Manchester City,Riyad Mahrez,ALG,"FW,MF",28,1991,33,21,1944,21.6,11,9,20,10,1,1,0,0,0.51,0.42,0.93,0.46,0.88,2019,standard
ENG-Premier League,2019/20,Manchester City,Rodri,ESP,MF,23,1996,35,29,2486,27.6,3,2,5,3,0,0,8,0,0.11,0.07,0.18,0.11,0.18,2019,standard
ENG-Premier League,2019/20,Manchester City,Sergio Agüero,ARG,FW,31,1988,24,18,1452,16.1,16,3,19,14,2,3,1,0,0.99,0.19,1.18,0.87,1.05,2019,standard
ENG-Premier League,2019/20,Manchester City,Tommy Doyle,ENG,MF,17,2001,1,0,16,0.2,0,0,0,0,0,0,0,0,0.0,0.0,0.0,0.0,0.0,2019,standard
ENG-Premier League,2019/20,Manchester City,İlkay Gündoğan,GER,MF,28,1990,31,21,2020,22.4,2,1,3,1,1,2,7,0,0.09,0.04,0.13,0.04,0.09,2019,standard
ENG-Premier League,2019/20,Manchester Utd,Aaron Wan-Bissaka,COD,"DF,MF",21,1997,35,34,3070,34.1,0,4,4,0,0,0,8,0,0.0,0.12,0.12,0.0,0.12,2019,standard
ENG-Premier League,2019/20,Manchester Utd,Andreas Pereira,BRA,MF,23,1996,25,18,1484,16.5,1,3,4,1,0,0,3,0,0.06,0.18,0.24,0.06,0.24,2019,standard
ENG-Premier League,2019/20,Manchester Utd,Angel Gomes,ENG,"FW,MF",18,2000,2,0,21,0.2,0,0,0,0,0,0,0,0,0.0,0.0,0.0,0.0,0.0,2019,standard
ENG-Premier League,2019/20,Manchester Utd,Anthony Martial,FRA,FW,23,1995,32,31,2624,29.2,17,6,23,17,0,1,1,0,0.58,0.21,0.79,0.58,0.79,2019,standard
ENG-Premier League,2019/20,Manchester Utd,Ashley Young,ENG,"DF,MF",34,1985,12,10,955,10.6,0,0,0,0,0,0,5,0,0.0,0.0,0.0,0.0,0.0,2019,standard
ENG-Premier League,2019/20,Manchester Utd,Axel Tuanzebe,COD,DF,21,1997,5,2,189,2.1,0,0,0,0,0,0,0,0,0.0,0.0,0.0,0.0,0.0,2019,standard
ENG-Premier League,2019/20,Manchester Utd,Brandon Williams,ENG,"DF,MF",18,2000,17,11,1006,11.2,1,0,1,1,0,0,6,0,0.09,0.0,0.09,0.09,0.09,2019,standard
ENG-Premier League,2019/20,Manchester Utd,Bruno Fernandes,POR,MF,24,1994,14,14,1186,13.2,8,7,15,4,4,4,2,0,0.61,0.53,1.14,0.3,0.83,2019,standard
ENG-Premier League,2019/20,Manchester Utd,Daniel James,WAL,"MF,FW",21,1997,33,26,2287,25.4,3,6,9,3,0,0,4,0,0.12,0.24,0.35,0.12,0.35,2019,standard
ENG-Premier League,2019/20,Manchester Utd,David de Gea,ESP,GK,28,1990,38,38,3420,38.0,0,0,0,0,0,0,2,0,0.0,0.0,0.0,0.0,0.0,2019,standard
ENG-Premier League,2019/20,Manchester Utd,Diogo Dalot,POR,DF,20,1999,4,1,67,0.7,0,0,0,0,0,0,0,0,0.0,0.0,0.0,0.0,0.0,2019,standard
ENG-Premier League,2019/20,Manchester Utd,Eric Bailly,CIV,DF,25,1994,4,1,150,1.7,0,0,0,0,0,0,0,0,0.0,0.0,0.0,0.0,0.0,2019,standard
ENG-Premier League,2019/20,Manchester Utd,Fred,BRA,MF,26,1993,29,23,2163,24.0,0,0,0,0,0,0,8,0,0.0,0.0,0.0,0.0,0.0,2019,standard
ENG-Premier League,2019/20,Manchester Utd,Harry Maguire,ENG,DF,26,1993,38,38,3420,38.0,1,1,2,1,0,0,6,0,0.03,0.03,0.05,0.03,0.05,2019,standard
ENG-Premier League,2019/20,Manchester Utd,James Garner,ENG,MF,18,2001,1,0,9,0.1,0,0,0,0,0,0,0,0,0.0,0.0,0.0,0.0,0.0,2019,standard
ENG-Premier League,2019/20,Manchester Utd,Jesse Lingard,ENG,MF,26,1992,22,9,935,10.4,1,0,1,1,0,0,3,0,0.1,0.0,0.1,0.1,0.1,2019,standard
ENG-Premier League,2019/20,Manchester Utd,Juan Mata,ESP,MF,31,1988,19,8,758,8.4,0,2,2,0,0,0,1,0,0.0,0.24,0.24,0.0,0.24,2019,standard
ENG-Premier League,2019/20,Manchester Utd,Luke Shaw,ENG,DF,24,1995,24,20,1733,19.3,0,0,0,0,0,0,7,0,0.0,0.0,0.0,0.0,0.0,2019,standard
ENG-Premier League,2019/20,Manchester Utd,Marcos Rojo,ARG,DF,29,1990,3,1,122,1.4,0,0,0,0,0,0,1,0,0.0,0.0,0.0,0.0,0.0,2019,standard
ENG-Premier League,2019/20,Manchester Utd,Marcus Rashford,ENG,"MF,FW",21,1997,31,31,2643,29.4,17,7,24,11,6,8,3,0,0.58,0.24,0.82,0.37,0.61,2019,standard
ENG-Premier League,2019/20,Manchester Utd,Mason Greenwood,ENG,"MF,FW",17,2001,31,12,1320,14.7,10,1,11,10,0,0,0,0,0.68,0.07,0.75,0.68,0.75,2019,standard
ENG-Premier League,2019/20,Manchester Utd,Nemanja Matić,SRB,MF,30,1988,21,18,1581,17.6,0,2,2,0,0,0,3,0,0.0,0.11,0.11,0.0,0.11,2019,standard
ENG-Premier League,2019/20,Manchester Utd,Odion Ighalo,NGA,FW,30,1989,11,0,101,1.1,0,0,0,0,0,0,0,0,0.0,0.0,0.0,0.0,0.0,2019,standard
ENG-Premier League,2019/20,Manchester Utd,Paul Pogba,FRA,MF,26,1993,16,13,1204,13.4,1,3,4,1,0,1,1,0,0.07,0.22,0.3,0.07,0.3,2019,standard
ENG-Premier League,2019/20,Manchester Utd,Phil Jones,ENG,DF,27,1992,2,2,135,1.5,0,0,0,0,0,0,0,0,0.0,0.0,0.0,0.0,0.0,2019,standard
ENG-Premier League,2019/20,Manchester Utd,Scott McTominay,SCO,MF,22,1996,27,20,1772,19.7,4,1,5,4,0,0,2,0,0.2,0.05,0.25,0.2,0.25,2019,standard
ENG-Premier League,2019/20,Manchester Utd,Tahith Chong,CUW,"FW,MF",19,1999,3,0,37,0.4,0,0,0,0,0,0,0,0,0.0,0.0,0.0,0.0,0.0,2019,standard
ENG-Premier League,2019/20,Manchester Utd,Timothy Fosu-Mensah,NED,DF,21,1998,3,2,136,1.5,0,0,0,0,0,0,1,0,0.0,0.0,0.0,0.0,0.0,2019,standard
ENG-Premier League,2019/20,Manchester Utd,Victor Lindelöf,SWE,DF,25,1994,35,35,3092,34.4,1,0,1,1,0,0,6,0,0.03,0.0,0.03,0.03,0.03,2019,standard
ENG-Premier League,2019/20,Newcastle,Allan Saint-Maximin,FRA,MF,22,1997,26,23,1863,20.7,3,4,7,3,0,0,0,0,0.14,0.19,0.34,0.14,0.34,2019,standard
ENG-Premier League,2019/20,Newcastle,Andy Carroll,ENG,FW,30,1989,19,4,632,7.0,0,4,4,0,0,0,1,0,0.0,0.57,0.57,0.0,0.57,2019,standard
ENG-Premier League,2019/20,Newcastle,Christian Atsu,GHA,MF,27,1992,19,6,749,8.3,0,3,3,0,0,0,2,0,0.0,0.36,0.36,0.0,0.36,2019,standard
ENG-Premier League,2019/20,Newcastle,Ciaran Clark,IRL,DF,29,1989,14,14,1186,13.2,2,0,2,2,0,0,3,0,0.15,0.0,0.15,0.15,0.15,2019,standard
ENG-Premier League,2019/20,Newcastle,Danny Rose,ENG,DF,29,1990,11,10,863,9.6,0,0,0,0,0,0,2,0,0.0,0.0,0.0,0.0,0.0,2019,standard
ENG-Premier League,2019/20,Newcastle,DeAndre Yedlin,USA,"DF,MF",26,1993,16,10,938,10.4,1,0,1,1,0,0,3,0,0.1,0.0,0.1,0.1,0.1,2019,standard
ENG-Premier League,2019/20,Newcastle,Dwight Gayle,ENG,FW,28,1990,20,10,850,9.4,4,2,6,4,0,0,2,0,0.42,0.21,0.64,0.42,0.64,2019,standard
ENG-Premier League,2019/20,Newcastle,Emil Krafth,SWE,DF,24,1994,17,11,1020,11.3,0,1,1,0,0,0,0,0,0.0,0.09,0.09,0.0,0.09,2019,standard
ENG-Premier League,2019/20,Newcastle,Fabian Schär,SUI,DF,27,1991,22,18,1672,18.6,2,0,2,2,0,0,5,0,0.11,0.0,0.11,0.11,0.11,2019,standard
ENG-Premier League,2019/20,Newcastle,Federico Fernández,ARG,DF,30,1989,32,29,2620,29.1,2,2,4,2,0,0,8,0,0.07,0.07,0.14,0.07,0.14,2019,standard
ENG-Premier League,2019/20,Newcastle,Florian Lejeune,FRA,DF,28,1991,6,4,442,4.9,2,0,2,2,0,0,0,0,0.41,0.0,0.41,0.41,0.41,2019,standard
ENG-Premier League,2019/20,Newcastle,Isaac Hayden,JAM,MF,24,1995,29,26,2223,24.7,1,2,3,1,0,0,4,1,0.04,0.08,0.12,0.04,0.12,2019,standard
ENG-Premier League,2019/20,Newcastle,Jamaal Lascelles,ENG,DF,25,1993,24,24,2076,23.1,1,0,1,1,0,0,5,0,0.04,0.0,0.04,0.04,0.04,2019,standard
ENG-Premier League,2019/20,Newcastle,Javier Manquillo,ESP,"DF,MF",25,1994,21,18,1599,17.8,0,1,1,0,0,0,5,0,0.0,0.06,0.06,0.0,0.06,2019,standard
ENG-Premier League,2019/20,Newcastle,Jetro Willems,NED,"DF,MF",25,1994,19,18,1493,16.6,2,2,4,2,0,0,0,0,0.12,0.12,0.24,0.12,0.24,2019,standard
ENG-Premier League,2019/20,Newcastle,Joelinton,BRA,"FW,MF",22,1996,38,32,2683,29.8,2,2,4,2,0,0,7,0,0.07,0.07,0.13,0.07,0.13,2019,standard
ENG-Premier League,2019/20,Newcastle,Jonjo Shelvey,ENG,MF,27,1992,26,25,2119,23.5,6,2,8,6,0,0,3,0,0.25,0.08,0.34,0.25,0.34,2019,standard
ENG-Premier League,2019/20,Newcastle,Kelland Watts,ENG,DF,19,1999,1,0,17,0.2,0,0,0,0,0,0,0,0,0.0,0.0,0.0,0.0,0.0,2019,standard
ENG-Premier League,2019/20,Newcastle,Ki Sung-yueng,KOR,MF,30,1989,3,1,137,1.5,0,0,0,0,0,0,0,0,0.0,0.0,0.0,0.0,0.0,2019,standard
ENG-Premier League,2019/20,Newcastle,Martin Dúbravka,SVK,GK,30,1989,38,38,3420,38.0,0,0,0,0,0,0,0,0,0.0,0.0,0.0,0.0,0.0,2019,standard
ENG-Premier League,2019/20,Newcastle,Matt Ritchie,SCO,"MF,DF",29,1989,18,14,1315,14.6,2,1,3,2,0,1,4,0,0.14,0.07,0.21,0.14,0.21,2019,standard
ENG-Premier League,2019/20,Newcastle,Matthew Longstaff,ENG,MF,19,2000,9,6,575,6.4,2,0,2,2,0,0,1,0,0.31,0.0,0.31,0.31,0.31,2019,standard
ENG-Premier League,2019/20,Newcastle,Miguel Almirón,PAR,"MF,FW",25,1994,36,35,3021,33.6,4,2,6,4,0,0,5,0,0.12,0.06,0.18,0.12,0.18,2019,standard
ENG-Premier League,2019/20,Newcastle,Nabil Bentaleb,ALG,MF,24,1994,12,8,751,8.3,0,0,0,0,0,0,2,0,0.0,0.0,0.0,0.0,0.0,2019,standard
ENG-Premier League,2019/20,Newcastle,Paul Dummett,WAL,DF,27,1991,16,14,1228,13.6,0,0,0,0,0,0,2,0,0.0,0.0,0.0,0.0,0.0,2019,standard
ENG-Premier League,2019/20,Newcastle,Sean Longstaff,ENG,MF,21,1997,23,14,1378,15.3,1,1,2,1,0,0,2,1,0.07,0.07,0.13,0.07,0.13,2019,standard
ENG-Premier League,2019/20,Newcastle,Valentino Lazaro,AUT,"MF,DF",23,1996,13,4,480,5.3,1,0,1,1,0,0,0,1,0.19,0.0,0.19,0.19,0.19,2019,standard
ENG-Premier League,2019/20,Newcastle,Yoshinori Mutō,JPN,MF,27,1992,8,2,212,2.4,0,0,0,0,0,0,0,0,0.0,0.0,0.0,0.0,0.0,2019,standard
ENG-Premier League,2019/20,Norwich City,Adam Idah,IRL,FW,18,2001,12,1,228,2.5,0,0,0,0,0,0,0,0,0.0,0.0,0.0,0.0,0.0,2019,standard
ENG-Premier League,2019/20,Norwich City,Akin Famewo,ENG,DF,20,1998,1,0,1,0.0,0,0,0,0,0,0,0,0,0.0,0.0,0.0,0.0,0.0,2019,standard
ENG-Premier League,2019/20,Norwich City,Alexander Tettey,NOR,"MF,DF",33,1986,30,28,2338,26.0,1,1,2,1,0,0,5,0,0.04,0.04,0.08,0.04,0.08,2019,standard
ENG-Premier League,2019/20,Norwich City,Ben Godfrey,ENG,DF,21,1998,30,30,2644,29.4,0,0,0,0,0,0,3,1,0.0,0.0,0.0,0.0,0.0,2019,standard
ENG-Premier League,2019/20,Norwich City,Christoph Zimmermann,GER,DF,26,1993,17,16,1430,15.9,0,1,1,0,0,0,3,0,0.0,0.06,0.06,0.0,0.06,2019,standard
ENG-Premier League,2019/20,Norwich City,Dennis Srbeny,GER,"FW,MF",25,1994,8,0,47,0.5,1,0,1,1,0,0,0,0,1.91,0.0,1.91,1.91,1.91,2019,standard
ENG-Premier League,2019/20,Norwich City,Emi Buendía,ARG,MF,22,1996,36,28,2464,27.4,1,7,8,1,0,0,6,1,0.04,0.26,0.29,0.04,0.29,2019,standard
ENG-Premier League,2019/20,Norwich City,Grant Hanley,SCO,DF,27,1991,15,14,1262,14.0,0,0,0,0,0,0,4,0,0.0,0.0,0.0,0.0,0.0,2019,standard
ENG-Premier League,2019/20,Norwich City,Ibrahim Amadou,FRA,"DF,MF",26,1993,11,8,759,8.4,0,0,0,0,0,0,1,0,0.0,0.0,0.0,0.0,0.0,2019,standard
ENG-Premier League,2019/20,Norwich City,Jamal Lewis,NIR,DF,21,1998,28,25,2304,25.6,1,0,1,1,0,0,4,0,0.04,0.0,0.04,0.04,0.04,2019,standard
ENG-Premier League,2019/20,Norwich City,Jordan Thomas,ENG,DF,18,2001,1,0,1,0.0,0,0,0,0,0,0,0,0,0.0,0.0,0.0,0.0,0.0,2019,standard
ENG-Premier League,2019/20,Norwich City,Josh Martin,ENG,MF,17,2001,5,0,37,0.4,0,0,0,0,0,0,0,0,0.0,0.0,0.0,0.0,0.0,2019,standard
ENG-Premier League,2019/20,Norwich City,Josip Drmić,SUI,FW,26,1992,21,5,647,7.2,1,0,1,1,0,0,0,1,0.14,0.0,0.14,0.14,0.14,2019,standard
ENG-Premier League,2019/20,Norwich City,Kenny McLean,SCO,MF,27,1992,37,32,2968,33.0,1,1,2,1,0,0,5,0,0.03,0.03,0.06,0.03,0.06,2019,standard
ENG-Premier League,2019/20,Norwich City,Lukas Rupp,GER,MF,28,1991,12,8,695,7.7,0,0,0,0,0,0,1,0,0.0,0.0,0.0,0.0,0.0,2019,standard
ENG-Premier League,2019/20,Norwich City,Marco Stiepermann,GER,MF,28,1991,24,14,1180,13.1,0,0,0,0,0,0,6,0,0.0,0.0,0.0,0.0,0.0,2019,standard
ENG-Premier League,2019/20,Norwich City,Mario Vrančić,BIH,MF,30,1989,20,6,636,7.1,1,0,1,1,0,0,3,0,0.14,0.0,0.14,0.14,0.14,2019,standard
ENG-Premier League,2019/20,Norwich City,Max Aarons,ENG,DF,19,2000,36,36,3240,36.0,0,1,1,0,0,0,7,0,0.0,0.03,0.03,0.0,0.03,2019,standard
ENG-Premier League,2019/20,Norwich City,Michael McGovern,NIR,GK,35,1984,2,1,159,1.8,0,0,0,0,0,0,0,0,0.0,0.0,0.0,0.0,0.0,2019,standard
ENG-Premier League,2019/20,Norwich City,Moritz Leitner,GER,MF,26,1992,9,7,685,7.6,0,0,0,0,0,0,1,0,0.0,0.0,0.0,0.0,0.0,2019,standard
ENG-Premier League,2019/20,Norwich City,Ondrej Duda,SVK,MF,24,1994,10,9,724,8.0,0,0,0,0,0,0,0,0,0.0,0.0,0.0,0.0,0.0,2019,standard
ENG-Premier League,2019/20,Norwich City,Onel Hernández,CUB,MF,26,1993,26,14,1384,15.4,1,2,3,1,0,0,0,0,0.07,0.13,0.2,0.07,0.2,2019,standard
ENG-Premier League,2019/20,Norwich City,Patrick Roberts,ENG,"FW,MF",22,1997,3,0,26,0.3,0,0,0,0,0,0,0,0,0.0,0.0,0.0,0.0,0.0,2019,standard
ENG-Premier League,2019/20,Norwich City,Ralf Fährmann,GER,GK,30,1988,1,1,21,0.2,0,0,0,0,0,0,0,0,0.0,0.0,0.0,0.0,0.0,2019,standard
ENG-Premier League,2019/20,Norwich City,Sam Byram,ENG,DF,25,1993,17,15,1293,14.4,0,0,0,0,0,0,4,0,0.0,0.0,0.0,0.0,0.0,2019,standard
ENG-Premier League,2019/20,Norwich City,Teemu Pukki,FIN,FW,29,1990,36,33,2886,32.1,11,3,14,9,2,2,3,0,0.34,0.09,0.44,0.28,0.37,2019,standard
ENG-Premier League,2019/20,Norwich City,Tim Krul,NED,GK,31,1988,36,36,3240,36.0,0,0,0,0,0,0,4,0,0.0,0.0,0.0,0.0,0.0,2019,standard
ENG-Premier League,2019/20,Norwich City,Timm Klose,SUI,DF,31,1988,7,7,585,6.5,0,0,0,0,0,0,0,0,0.0,0.0,0.0,0.0,0.0,2019,standard
ENG-Premier League,2019/20,Norwich City,Todd Cantwell,ENG,MF,21,1998,37,30,2489,27.7,6,2,8,6,0,0,6,0,0.22,0.07,0.29,0.22,0.29,2019,standard
ENG-Premier League,2019/20,Norwich City,Tom Trybull,GER,MF,26,1993,16,14,1130,12.6,0,0,0,0,0,0,2,0,0.0,0.0,0.0,0.0,0.0,2019,standard
ENG-Premier League,2019/20,Sheffield United,Ben Osborn,ENG,MF,24,1994,13,6,594,6.6,0,0,0,0,0,0,0,0,0.0,0.0,0.0,0.0,0.0,2019,standard
ENG-Premier League,2019/20,Sheffield United,Billy Sharp,ENG,FW,33,1986,25,10,1051,11.7,3,2,5,3,0,0,1,1,0.26,0.17,0.43,0.26,0.43,2019,standard
ENG-Premier League,2019/20,Sheffield United,Callum Robinson,IRL,FW,24,1995,16,9,676,7.5,1,1,2,1,0,0,1,0,0.13,0.13,0.27,0.13,0.27,2019,standard
ENG-Premier League,2019/20,Sheffield United,Chris Basham,ENG,DF,31,1988,38,38,3242,36.0,0,1,1,0,0,0,4,0,0.0,0.03,0.03,0.0,0.03,2019,standard
ENG-Premier League,2019/20,Sheffield United,David McGoldrick,IRL,FW,31,1987,28,22,1815,20.2,2,2,4,2,0,0,2,0,0.1,0.1,0.2,0.1,0.2,2019,standard
ENG-Premier League,2019/20,Sheffield United,Dean Henderson,ENG,GK,22,1997,36,36,3240,36.0,0,0,0,0,0,0,2,0,0.0,0.0,0.0,0.0,0.0,2019,standard
ENG-Premier League,2019/20,Sheffield United,Enda Stevens,IRL,MF,29,1990,38,38,3345,37.2,2,4,6,2,0,0,7,0,0.05,0.11,0.16,0.05,0.16,2019,standard
ENG-Premier League,2019/20,Sheffield United,George Baldock,GRE,MF,26,1993,38,38,3420,38.0,2,3,5,2,0,0,7,0,0.05,0.08,0.13,0.05,0.13,2019,standard
ENG-Premier League,2019/20,Sheffield United,Jack O'Connell,ENG,DF,25,1994,33,32,2916,32.4,0,1,1,0,0,0,4,0,0.0,0.03,0.03,0.0,0.03,2019,standard
ENG-Premier League,2019/20,Sheffield United,Jack Robinson,ENG,DF,25,1993,6,6,504,5.6,0,0,0,0,0,0,0,0,0.0,0.0,0.0,0.0,0.0,2019,standard
ENG-Premier League,2019/20,Sheffield United,Jack Rodwell,ENG,"DF,MF",28,1991,1,0,16,0.2,0,0,0,0,0,0,0,0,0.0,0.0,0.0,0.0,0.0,2019,standard
ENG-Premier League,2019/20,Sheffield United,John Egan,IRL,DF,26,1992,36,36,3187,35.4,2,0,2,2,0,0,5,1,0.06,0.0,0.06,0.06,0.06,2019,standard
ENG-Premier League,2019/20,Sheffield United,John Fleck,SCO,MF,27,1991,30,28,2516,28.0,5,2,7,5,0,0,8,0,0.18,0.07,0.25,0.18,0.25,2019,standard
ENG-Premier League,2019/20,Sheffield United,John Lundstram,ENG,MF,25,1994,34,26,2458,27.3,5,3,8,5,0,0,5,0,0.18,0.11,0.29,0.18,0.29,2019,standard
ENG-Premier League,2019/20,Sheffield United,Kieron Freeman,WAL,"DF,MF",27,1992,2,0,7,0.1,0,0,0,0,0,0,0,0,0.0,0.0,0.0,0.0,0.0,2019,standard
ENG-Premier League,2019/20,Sheffield United,Leon Clarke,ENG,FW,34,1985,2,0,35,0.4,0,0,0,0,0,0,0,0,0.0,0.0,0.0,0.0,0.0,2019,standard
ENG-Premier League,2019/20,Sheffield United,Luke Freeman,ENG,MF,27,1992,11,3,366,4.1,0,0,0,0,0,0,2,0,0.0,0.0,0.0,0.0,0.0,2019,standard
ENG-Premier League,2019/20,Sheffield United,Lys Mousset,FRA,FW,23,1996,30,11,1240,13.8,6,4,10,6,0,0,1,0,0.44,0.29,0.73,0.44,0.73,2019,standard
ENG-Premier League,2019/20,Sheffield United,Muhamed Bešić,BIH,MF,26,1992,9,2,250,2.8,0,0,0,0,0,0,2,0,0.0,0.0,0.0,0.0,0.0,2019,standard
ENG-Premier League,2019/20,Sheffield United,Oliver McBurnie,SCO,FW,23,1996,36,24,2113,23.5,6,0,6,6,0,0,4,0,0.26,0.0,0.26,0.26,0.26,2019,standard
ENG-Premier League,2019/20,Sheffield United,Oliver Norwood,NIR,MF,28,1991,38,37,3090,34.3,1,1,2,0,1,1,8,0,0.03,0.03,0.06,0.0,0.03,2019,standard
ENG-Premier League,2019/20,Sheffield United,Phil Jagielka,ENG,DF,36,1982,6,2,244,2.7,0,0,0,0,0,0,0,0,0.0,0.0,0.0,0.0,0.0,2019,standard
ENG-Premier League,2019/20,Sheffield United,Ravel Morrison,JAM,MF,26,1993,1,0,13,0.1,0,0,0,0,0,0,0,0,0.0,0.0,0.0,0.0,0.0,2019,standard
ENG-Premier League,2019/20,Sheffield United,Richairo Živković,CUW,FW,22,1996,5,0,112,1.2,0,0,0,0,0,0,0,0,0.0,0.0,0.0,0.0,0.0,2019,standard
ENG-Premier League,2019/20,Sheffield United,Sander Berge,NOR,MF,21,1998,14,12,943,10.5,1,1,2,1,0,0,0,0,0.1,0.1,0.19,0.1,0.19,2019,standard
ENG-Premier League,2019/20,Sheffield United,Simon Moore,ENG,GK,29,1990,2,2,180,2.0,0,0,0,0,0,0,0,0,0.0,0.0,0.0,0.0,0.0,2019,standard
ENG-Premier League,2019/20,Southampton,Alex McCarthy,ENG,GK,29,1989,28,28,2520,28.0,0,0,0,0,0,0,0,0,0.0,0.0,0.0,0.0,0.0,2019,standard
ENG-Premier League,2019/20,Southampton,Angus Gunn,SCO,GK,23,1996,10,10,900,10.0,0,0,0,0,0,0,0,0,0.0,0.0,0.0,0.0,0.0,2019,standard
ENG-Premier League,2019/20,Southampton,Ché Adams,SCO,FW,23,1996,30,12,1111,12.3,4,2,6,4,0,0,0,0,0.32,0.16,0.49,0.32,0.49,2019,standard
ENG-Premier League,2019/20,Southampton,Cédric Soares,POR,"DF,MF",27,1991,16,16,1306,14.5,0,1,1,0,0,0,1,0,0.0,0.07,0.07,0.0,0.07,2019,standard
ENG-Premier League,2019/20,Southampton,Danny Ings,ENG,FW,27,1992,38,32,2804,31.2,22,2,24,21,1,2,3,0,0.71,0.06,0.77,0.67,0.74,2019,standard
ENG-Premier League,2019/20,Southampton,Jack Stephens,ENG,DF,25,1994,28,27,2451,27.2,1,3,4,1,0,0,4,1,0.04,0.11,0.15,0.04,0.15,2019,standard
ENG-Premier League,2019/20,Southampton,Jake Vokins,ENG,DF,19,2000,1,1,90,1.0,0,0,0,0,0,0,0,0,0.0,0.0,0.0,0.0,0.0,2019,standard
ENG-Premier League,2019/20,Southampton,James Ward-Prowse,ENG,MF,24,1994,38,38,3420,38.0,5,3,8,4,1,3,9,0,0.13,0.08,0.21,0.11,0.18,2019,standard
ENG-Premier League,2019/20,Southampton,Jan Bednarek,POL,DF,23,1996,34,34,3057,34.0,1,1,2,1,0,0,4,0,0.03,0.03,0.06,0.03,0.06,2019,standard
ENG-Premier League,2019/20,Southampton,Jannik Vestergaard,DEN,DF,26,1992,19,17,1497,16.6,1,0,1,1,0,0,3,0,0.06,0.0,0.06,0.06,0.06,2019,standard
ENG-Premier League,2019/20,Southampton,Kevin Danso,AUT,DF,20,1998,6,3,277,3.1,0,1,1,0,0,0,2,1,0.0,0.32,0.32,0.0,0.32,2019,standard
ENG-Premier League,2019/20,Southampton,Kyle Walker-Peters,ENG,DF,22,1997,10,7,703,7.8,0,0,0,0,0,0,1,0,0.0,0.0,0.0,0.0,0.0,2019,standard
ENG-Premier League,2019/20,Southampton,Maya Yoshida,JPN,DF,30,1988,8,6,560,6.2,0,0,0,0,0,0,1,0,0.0,0.0,0.0,0.0,0.0,2019,standard
ENG-Premier League,2019/20,Southampton,Michael Obafemi,IRL,FW,19,2000,21,8,665,7.4,3,2,5,3,0,0,1,0,0.41,0.27,0.68,0.41,0.68,2019,standard
ENG-Premier League,2019/20,Southampton,Moussa Djenepo,MLI,"MF,FW",21,1998,18,10,928,10.3,2,2,4,2,0,0,4,1,0.19,0.19,0.39,0.19,0.39,2019,standard
ENG-Premier League,2019/20,Southampton,Nathan Redmond,ENG,"MF,FW",25,1994,32,32,2762,30.7,4,4,8,4,0,0,2,0,0.13,0.13,0.26,0.13,0.26,2019,standard
ENG-Premier League,2019/20,Southampton,Nathan Tella,NGA,"FW,MF",20,1999,1,0,3,0.0,0,0,0,0,0,0,0,0,0.0,0.0,0.0,0.0,0.0,2019,standard
ENG-Premier League,2019/20,Southampton,Oriol Romeu,ESP,MF,27,1991,30,20,1860,20.7,0,0,0,0,0,0,5,0,0.0,0.0,0.0,0.0,0.0,2019,standard
ENG-Premier League,2019/20,Southampton,Pierre Højbjerg,DEN,MF,23,1995,33,30,2752,30.6,0,1,1,0,0,0,5,0,0.0,0.03,0.03,0.0,0.03,2019,standard
ENG-Premier League,2019/20,Southampton,Ryan Bertrand,ENG,"DF,MF",29,1989,32,31,2742,30.5,1,1,2,1,0,0,3,1,0.03,0.03,0.07,0.03,0.07,2019,standard
ENG-Premier League,2019/20,Southampton,Shane Long,IRL,FW,32,1987,26,15,1395,15.5,2,2,4,2,0,0,0,0,0.13,0.13,0.26,0.13,0.26,2019,standard
ENG-Premier League,2019/20,Southampton,Sofiane Boufal,MAR,MF,25,1993,20,8,764,8.5,0,2,2,0,0,0,2,0,0.0,0.24,0.24,0.0,0.24,2019,standard
ENG-Premier League,2019/20,Southampton,Stuart Armstrong,SCO,MF,27,1992,30,19,1715,19.1,5,3,8,5,0,0,4,0,0.26,0.16,0.42,0.26,0.42,2019,standard
ENG-Premier League,2019/20,Southampton,William Smallbone,IRL,MF,19,2000,9,4,393,4.4,0,2,2,0,0,0,0,0,0.0,0.46,0.46,0.0,0.46,2019,standard
ENG-Premier League,2019/20,Southampton,Yan Valery,TUN,"DF,MF",20,1999,11,10,779,8.7,0,0,0,0,0,0,1,0,0.0,0.0,0.0,0.0,0.0,2019,standard
ENG-Premier League,2019/20,Tottenham,Ben Davies,WAL,DF,26,1993,18,16,1431,15.9,0,0,0,0,0,0,6,0,0.0,0.0,0.0,0.0,0.0,2019,standard
ENG-Premier League,2019/20,Tottenham,Christian Eriksen,DEN,"MF,FW",27,1992,20,10,1097,12.2,2,2,4,2,0,0,5,0,0.16,0.16,0.33,0.16,0.33,2019,standard
ENG-Premier League,2019/20,Tottenham,Danny Rose,ENG,"DF,MF",29,1990,12,10,893,9.9,0,0,0,0,0,0,5,0,0.0,0.0,0.0,0.0,0.0,2019,standard
ENG-Premier League,2019/20,Tottenham,Davinson Sánchez,COL,DF,23,1996,29,27,2431,27.0,0,0,0,0,0,0,6,0,0.0,0.0,0.0,0.0,0.0,2019,standard
ENG-Premier League,2019/20,Tottenham,Dele Alli,ENG,"MF,FW",23,1996,25,21,1847,20.5,8,4,12,7,1,1,2,0,0.39,0.19,0.58,0.34,0.54,2019,standard
ENG-Premier League,2019/20,Tottenham,Eric Dier,ENG,"DF,MF",25,1994,19,15,1344,14.9,0,2,2,0,0,0,5,0,0.0,0.13,0.13,0.0,0.13,2019,standard
ENG-Premier League,2019/20,Tottenham,Gedson Fernandes,POR,MF,20,1999,7,0,68,0.8,0,0,0,0,0,0,0,0,0.0,0.0,0.0,0.0,0.0,2019,standard
ENG-Premier League,2019/20,Tottenham,Georges-Kévin N'Koudou,CMR,"FW,MF",24,1995,1,0,3,0.0,0,0,0,0,0,0,0,0,0.0,0.0,0.0,0.0,0.0,2019,standard
ENG-Premier League,2019/20,Tottenham,Giovani Lo Celso,ARG,MF,23,1996,28,15,1492,16.6,0,2,2,0,0,0,6,0,0.0,0.12,0.12,0.0,0.12,2019,standard
ENG-Premier League,2019/20,Tottenham,Harry Kane,ENG,FW,26,1993,29,29,2587,28.7,18,2,20,16,2,2,4,0,0.63,0.07,0.7,0.56,0.63,2019,standard
ENG-Premier League,2019/20,Tottenham,Harry Winks,ENG,MF,23,1996,31,26,2221,24.7,0,0,0,0,0,0,9,0,0.0,0.0,0.0,0.0,0.0,2019,standard
ENG-Premier League,2019/20,Tottenham,Hugo Lloris,FRA,GK,32,1986,21,21,1807,20.1,0,0,0,0,0,0,0,0,0.0,0.0,0.0,0.0,0.0,2019,standard
ENG-Premier League,2019/20,Tottenham,Jan Vertonghen,BEL,DF,32,1987,23,19,1645,18.3,1,1,2,1,0,0,2,0,0.05,0.05,0.11,0.05,0.11,2019,standard
ENG-Premier League,2019/20,Tottenham,Japhet Tanganga,ENG,"DF,MF",20,1999,6,6,525,5.8,0,0,0,0,0,0,1,0,0.0,0.0,0.0,0.0,0.0,2019,standard
ENG-Premier League,2019/20,Tottenham,Juan Foyth,ARG,DF,21,1998,4,1,68,0.8,0,0,0,0,0,0,1,0,0.0,0.0,0.0,0.0,0.0,2019,standard
ENG-Premier League,2019/20,Tottenham,Kyle Walker-Peters,ENG,DF,22,1997,3,3,241,2.7,0,0,0,0,0,0,0,0,0.0,0.0,0.0,0.0,0.0,2019,standard
ENG-Premier League,2019/20,Tottenham,Lucas Moura,BRA,"MF,FW",26,1992,35,25,2242,24.9,4,4,8,4,0,0,3,0,0.16,0.16,0.32,0.16,0.32,2019,standard
ENG-Premier League,2019/20,Tottenham,Moussa Sissoko,FRA,MF,29,1989,29,28,2452,27.2,2,1,3,2,0,0,8,0,0.07,0.04,0.11,0.07,0.11,2019,standard
ENG-Premier League,2019/20,Tottenham,Oliver Skipp,ENG,MF,18,2000,7,1,77,0.9,0,0,0,0,0,0,0,0,0.0,0.0,0.0,0.0,0.0,2019,standard
ENG-Premier League,2019/20,Tottenham,Paulo Gazzaniga,ARG,GK,27,1992,18,17,1613,17.9,0,0,0,0,0,0,1,0,0.0,0.0,0.0,0.0,0.0,2019,standard
ENG-Premier League,2019/20,Tottenham,Ryan Sessegnon,ENG,"MF,DF",19,2000,6,4,342,3.8,0,0,0,0,0,0,0,0,0.0,0.0,0.0,0.0,0.0,2019,standard
ENG-Premier League,2019/20,Tottenham,Serge Aurier,CIV,"DF,MF",26,1992,33,31,2700,30.0,1,5,6,1,0,0,4,1,0.03,0.17,0.2,0.03,0.2,2019,standard
ENG-Premier League,2019/20,Tottenham,Son Heung-min,KOR,"MF,FW",27,1992,30,28,2476,27.5,11,10,21,11,0,1,0,2,0.4,0.36,0.76,0.4,0.76,2019,standard
ENG-Premier League,2019/20,Tottenham,Steven Bergwijn,NED,"MF,FW",21,1997,14,8,704,7.8,3,1,4,3,0,0,2,0,0.38,0.13,0.51,0.38,0.51,2019,standard
ENG-Premier League,2019/20,Tottenham,Tanguy Ndombele,FRA,MF,22,1996,21,12,1009,11.2,2,2,4,2,0,0,3,0,0.18,0.18,0.36,0.18,0.36,2019,standard
ENG-Premier League,2019/20,Tottenham,Toby Alderweireld,BEL,DF,30,1989,33,33,2957,32.9,2,2,4,2,0,0,7,0,0.06,0.06,0.12,0.06,0.12,2019,standard
ENG-Premier League,2019/20,Tottenham,Troy Parrott,IRL,FW,17,2002,2,0,7,0.1,0,0,0,0,0,0,0,0,0.0,0.0,0.0,0.0,0.0,2019,standard
ENG-Premier League,2019/20,Tottenham,Victor Wanyama,KEN,MF,28,1991,2,0,25,0.3,0,0,0,0,0,0,1,0,0.0,0.0,0.0,0.0,0.0,2019,standard
ENG-Premier League,2019/20,Tottenham,Érik Lamela,ARG,"MF,FW",27,1992,25,12,1215,13.5,2,1,3,2,0,0,3,0,0.15,0.07,0.22,0.15,0.22,2019,standard
ENG-Premier League,2019/20,Watford,Abdoulaye Doucouré,MLI,MF,26,1993,37,36,3156,35.1,4,2,6,4,0,0,9,0,0.11,0.06,0.17,0.11,0.17,2019,standard
ENG-Premier League,2019/20,Watford,Adam Masina,MAR,DF,25,1994,26,20,1821,20.2,1,0,1,1,0,0,3,0,0.05,0.0,0.05,0.05,0.05,2019,standard
ENG-Premier League,2019/20,Watford,Adrian Mariappa,JAM,DF,32,1986,20,15,1513,16.8,0,0,0,0,0,0,6,1,0.0,0.0,0.0,0.0,0.0,2019,standard
ENG-Premier League,2019/20,Watford,Andre Gray,JAM,FW,28,1991,23,7,755,8.4,2,0,2,2,0,0,1,0,0.24,0.0,0.24,0.24,0.24,2019,standard
ENG-Premier League,2019/20,Watford,Ben Foster,ENG,GK,36,1983,38,38,3420,38.0,0,0,0,0,0,0,1,0,0.0,0.0,0.0,0.0,0.0,2019,standard
ENG-Premier League,2019/20,Watford,Christian Kabasele,BEL,DF,28,1991,27,26,2250,25.0,0,2,2,0,0,0,3,2,0.0,0.08,0.08,0.0,0.08,2019,standard
ENG-Premier League,2019/20,Watford,Craig Cathcart,NIR,DF,30,1989,29,28,2488,27.6,0,0,0,0,0,0,7,0,0.0,0.0,0.0,0.0,0.0,2019,standard
ENG-Premier League,2019/20,Watford,Craig Dawson,ENG,DF,29,1990,29,26,2361,26.2,2,0,2,2,0,0,6,0,0.08,0.0,0.08,0.08,0.08,2019,standard
ENG-Premier League,2019/20,Watford,Danny Welbeck,ENG,"FW,MF",28,1990,18,8,822,9.1,2,0,2,2,0,0,0,0,0.22,0.0,0.22,0.22,0.22,2019,standard
ENG-Premier League,2019/20,Watford,Daryl Janmaat,NED,"DF,MF",30,1989,8,7,607,6.7,0,1,1,0,0,0,1,0,0.0,0.15,0.15,0.0,0.15,2019,standard
ENG-Premier League,2019/20,Watford,Dimitri Foulquier,FRA,MF,26,1993,3,1,59,0.7,0,0,0,0,0,0,0,0,0.0,0.0,0.0,0.0,0.0,2019,standard
ENG-Premier League,2019/20,Watford,Domingos Quina,POR,MF,19,1999,4,0,22,0.2,0,0,0,0,0,0,0,0,0.0,0.0,0.0,0.0,0.0,2019,standard
ENG-Premier League,2019/20,Watford,Gerard Deulofeu,ESP,"MF,FW",25,1994,28,25,2098,23.3,4,5,9,3,1,1,3,0,0.17,0.21,0.39,0.13,0.34,2019,standard
ENG-Premier League,2019/20,Watford,Ignacio Pussetto,ARG,"FW,MF",23,1995,7,0,74,0.8,0,0,0,0,0,0,1,0,0.0,0.0,0.0,0.0,0.0,2019,standard
ENG-Premier League,2019/20,Watford,Isaac Success,NGA,"FW,MF",23,1996,5,0,70,0.8,0,0,0,0,0,0,1,0,0.0,0.0,0.0,0.0,0.0,2019,standard
ENG-Premier League,2019/20,Watford,Ismaila Sarr,SEN,MF,21,1998,28,22,2028,22.5,5,4,9,5,0,0,1,0,0.22,0.18,0.4,0.22,0.4,2019,standard
ENG-Premier League,2019/20,Watford,José Holebas,GRE,DF,35,1984,14,11,1025,11.4,0,0,0,0,0,0,5,0,0.0,0.0,0.0,0.0,0.0,2019,standard
ENG-Premier League,2019/20,Watford,João Pedro,BRA,"FW,MF",17,2001,3,0,25,0.3,0,0,0,0,0,0,0,0,0.0,0.0,0.0,0.0,0.0,2019,standard
ENG-Premier League,2019/20,Watford,Kiko Femenía,ESP,DF,28,1991,28,26,2237,24.9,0,0,0,0,0,0,5,0,0.0,0.0,0.0,0.0,0.0,2019,standard
ENG-Premier League,2019/20,Watford,Nathaniel Chalobah,ENG,MF,24,1994,22,10,930,10.3,0,1,1,0,0,0,1,0,0.0,0.1,0.1,0.0,0.1,2019,standard
ENG-Premier League,2019/20,Watford,Roberto Pereyra,ARG,"MF,FW",28,1991,28,17,1648,18.3,3,0,3,2,1,1,4,0,0.16,0.0,0.16,0.11,0.11,2019,standard
ENG-Premier League,2019/20,Watford,Sebastian Prödl,AUT,DF,32,1987,1,1,56,0.6,0,0,0,0,0,0,0,0,0.0,0.0,0.0,0.0,0.0,2019,standard
ENG-Premier League,2019/20,Watford,Tom Cleverley,ENG,MF,29,1989,18,11,971,10.8,1,0,1,1,0,0,2,0,0.09,0.0,0.09,0.09,0.09,2019,standard
ENG-Premier League,2019/20,Watford,Troy Deeney,ENG,FW,31,1988,27,26,2225,24.7,10,2,12,5,5,6,3,0,0.4,0.08,0.49,0.2,0.28,2019,standard
ENG-Premier League,2019/20,Watford,Will Hughes,ENG,MF,24,1995,30,27,2252,25.0,1,1,2,1,0,0,9,0,0.04,0.04,0.08,0.04,0.08,2019,standard
ENG-Premier League,2019/20,Watford,Étienne Capoue,FRA,MF,31,1988,30,30,2627,29.2,0,3,3,0,0,0,8,0,0.0,0.1,0.1,0.0,0.1,2019,standard
ENG-Premier League,2019/20,West Ham,Aaron Cresswell,ENG,DF,29,1989,31,31,2727,30.3,3,0,3,3,0,0,7,0,0.1,0.0,0.1,0.1,0.1,2019,standard
ENG-Premier League,2019/20,West Ham,Albian Ajeti,SUI,FW,22,1997,9,0,139,1.5,0,0,0,0,0,0,0,0,0.0,0.0,0.0,0.0,0.0,2019,standard
ENG-Premier League,2019/20,West Ham,Andriy Yarmolenko,UKR,MF,29,1989,23,10,991,11.0,5,1,6,5,0,0,2,0,0.45,0.09,0.54,0.45,0.54,2019,standard
ENG-Premier League,2019/20,West Ham,Angelo Ogbonna,ITA,DF,31,1988,31,31,2786,31.0,2,0,2,2,0,0,4,0,0.06,0.0,0.06,0.06,0.06,2019,standard
ENG-Premier League,2019/20,West Ham,Arthur Masuaku,COD,"DF,MF",25,1993,17,10,937,10.4,0,1,1,0,0,0,6,1,0.0,0.1,0.1,0.0,0.1,2019,standard
ENG-Premier League,2019/20,West Ham,Ben Johnson,ENG,DF,19,2000,3,3,270,3.0,0,0,0,0,0,0,0,0,0.0,0.0,0.0,0.0,0.0,2019,standard
ENG-Premier League,2019/20,West Ham,Carlos Sánchez,COL,MF,33,1986,6,1,117,1.3,0,0,0,0,0,0,0,0,0.0,0.0,0.0,0.0,0.0,2019,standard
ENG-Premier League,2019/20,West Ham,Darren Randolph,IRL,GK,32,1987,2,2,180,2.0,0,0,0,0,0,0,0,0,0.0,0.0,0.0,0.0,0.0,2019,standard
ENG-Premier League,2019/20,West Ham,David Martin,ENG,GK,33,1986,5,4,436,4.8,0,0,0,0,0,0,1,0,0.0,0.0,0.0,0.0,0.0,2019,standard
ENG-Premier League,2019/20,West Ham,Declan Rice,ENG,MF,20,1999,38,38,3420,38.0,1,3,4,1,0,0,6,0,0.03,0.08,0.11,0.03,0.11,2019,standard
ENG-Premier League,2019/20,West Ham,Fabián Balbuena,PAR,DF,27,1991,17,13,1177,13.1,1,0,1,1,0,0,2,0,0.08,0.0,0.08,0.08,0.08,2019,standard
ENG-Premier League,2019/20,West Ham,Felipe Anderson,BRA,MF,26,1993,25,20,1497,16.6,1,4,5,1,0,0,1,0,0.06,0.24,0.3,0.06,0.3,2019,standard
ENG-Premier League,2019/20,West Ham,Issa Diop,MAR,DF,22,1997,32,31,2766,30.7,3,1,4,3,0,0,8,0,0.1,0.03,0.13,0.1,0.13,2019,standard
ENG-Premier League,2019/20,West Ham,Jack Wilshere,ENG,MF,27,1992,8,2,215,2.4,0,0,0,0,0,0,0,0,0.0,0.0,0.0,0.0,0.0,2019,standard
ENG-Premier League,2019/20,West Ham,Jarrod Bowen,ENG,MF,22,1996,13,11,917,10.2,1,4,5,1,0,0,0,0,0.1,0.39,0.49,0.1,0.49,2019,standard
ENG-Premier League,2019/20,West Ham,Javier Hernández,MEX,FW,31,1988,2,1,107,1.2,1,0,1,1,0,0,0,0,0.84,0.0,0.84,0.84,0.84,2019,standard
ENG-Premier League,2019/20,West Ham,Jeremy Ngakia,,DF,18,2000,5,5,440,4.9,0,0,0,0,0,0,0,0,0.0,0.0,0.0,0.0,0.0,2019,standard
ENG-Premier League,2019/20,West Ham,Manuel Lanzini,ARG,MF,26,1993,24,14,1379,15.3,0,2,2,0,0,0,1,0,0.0,0.13,0.13,0.0,0.13,2019,standard
ENG-Premier League,2019/20,West Ham,Mark Noble,ENG,MF,32,1987,33,32,2674,29.7,4,3,7,1,3,3,5,0,0.13,0.1,0.24,0.03,0.13,2019,standard
ENG-Premier League,2019/20,West Ham,Michail Antonio,JAM,"FW,MF",29,1990,24,19,1768,19.6,10,3,13,9,1,1,3,0,0.51,0.15,0.66,0.46,0.61,2019,standard
ENG-Premier League,2019/20,West Ham,Nathan Holland,ENG,"FW,MF",21,1998,2,0,33,0.4,0,0,0,0,0,0,0,0,0.0,0.0,0.0,0.0,0.0,2019,standard
ENG-Premier League,2019/20,West Ham,Pablo Fornals,ESP,MF,23,1996,36,24,2172,24.1,2,5,7,2,0,0,3,0,0.08,0.21,0.29,0.08,0.29,2019,standard
ENG-Premier League,2019/20,West Ham,Pablo Zabaleta,ARG,"DF,MF",34,1985,10,6,592,6.6,0,0,0,0,0,0,2,0,0.0,0.0,0.0,0.0,0.0,2019,standard
ENG-Premier League,2019/20,West Ham,Robert Snodgrass,SCO,MF,31,1987,24,17,1509,16.8,5,5,10,5,0,0,4,0,0.3,0.3,0.6,0.3,0.6,2019,standard
ENG-Premier League,2019/20,West Ham,Roberto,ESP,GK,33,1986,8,7,687,7.6,0,0,0,0,0,0,0,0,0.0,0.0,0.0,0.0,0.0,2019,standard
ENG-Premier League,2019/20,West Ham,Ryan Fredericks,ENG,DF,26,1992,27,25,2237,24.9,0,3,3,0,0,0,7,0,0.0,0.12,0.12,0.0,0.12,2019,standard
ENG-Premier League,2019/20,West Ham,Sébastien Haller,CIV,FW,25,1994,32,24,2266,25.2,7,1,8,7,0,0,1,0,0.28,0.04,0.32,0.28,0.32,2019,standard
ENG-Premier League,2019/20,West Ham,Tomáš Souček,CZE,MF,24,1995,13,12,1040,11.6,3,0,3,3,0,0,0,0,0.26,0.0,0.26,0.26,0.26,2019,standard
ENG-Premier League,2019/20,West Ham,Łukasz Fabiański,POL,GK,34,1985,25,25,2117,23.5,0,0,0,0,0,0,1,0,0.0,0.0,0.0,0.0,0.0,2019,standard
ENG-Premier League,2019/20,Wolves,Adama Traoré,ESP,"FW,MF",23,1996,37,27,2605,28.9,4,9,13,4,0,0,1,0,0.14,0.31,0.45,0.14,0.45,2019,standard
ENG-Premier League,2019/20,Wolves,Bruno Jordão,POR,MF,20,1998,1,0,7,0.1,0,0,0,0,0,0,0,0,0.0,0.0,0.0,0.0,0.0,2019,standard
ENG-Premier League,2019/20,Wolves,Conor Coady,ENG,DF,26,1993,38,38,3420,38.0,0,0,0,0,0,0,5,0,0.0,0.0,0.0,0.0,0.0,2019,standard
ENG-Premier League,2019/20,Wolves,Daniel Podence,POR,FW,23,1995,9,3,289,3.2,1,0,1,1,0,0,0,0,0.31,0.0,0.31,0.31,0.31,2019,standard
ENG-Premier League,2019/20,Wolves,Diogo Jota,POR,FW,22,1996,34,27,2284,25.4,7,1,8,7,0,0,4,0,0.28,0.04,0.32,0.28,0.32,2019,standard
ENG-Premier League,2019/20,Wolves,Jesús Vallejo,ESP,DF,22,1997,2,1,163,1.8,0,0,0,0,0,0,1,0,0.0,0.0,0.0,0.0,0.0,2019,standard
ENG-Premier League,2019/20,Wolves,Jonny Castro,ESP,MF,25,1994,35,33,2887,32.1,2,2,4,2,0,0,4,0,0.06,0.06,0.12,0.06,0.12,2019,standard
ENG-Premier League,2019/20,Wolves,João Moutinho,POR,MF,32,1986,38,34,3108,34.5,1,6,7,1,0,0,7,0,0.03,0.17,0.2,0.03,0.2,2019,standard
ENG-Premier League,2019/20,Wolves,Leander Dendoncker,BEL,"MF,DF",24,1995,38,32,2795,31.1,4,0,4,4,0,0,5,0,0.13,0.0,0.13,0.13,0.13,2019,standard
ENG-Premier League,2019/20,Wolves,Matt Doherty,IRL,MF,27,1992,36,32,2839,31.5,4,3,7,4,0,0,1,0,0.13,0.1,0.22,0.13,0.22,2019,standard
ENG-Premier League,2019/20,Wolves,Max Kilman,ENG,DF,22,1997,3,2,185,2.1,0,0,0,0,0,0,0,0,0.0,0.0,0.0,0.0,0.0,2019,standard
ENG-Premier League,2019/20,Wolves,Morgan Gibbs-White,ENG,MF,19,2000,7,1,129,1.4,0,0,0,0,0,0,0,0,0.0,0.0,0.0,0.0,0.0,2019,standard
ENG-Premier League,2019/20,Wolves,Patrick Cutrone,ITA,FW,21,1998,12,3,297,3.3,2,0,2,2,0,0,0,0,0.61,0.0,0.61,0.61,0.61,2019,standard
ENG-Premier League,2019/20,Wolves,Pedro Neto,POR,"FW,MF",19,2000,29,9,939,10.4,3,3,6,3,0,0,3,0,0.29,0.29,0.58,0.29,0.58,2019,standard
ENG-Premier League,2019/20,Wolves,Raúl Jiménez,MEX,FW,28,1991,38,37,3236,36.0,17,6,23,13,4,4,3,0,0.47,0.17,0.64,0.36,0.53,2019,standard
ENG-Premier League,2019/20,Wolves,Romain Saïss,MAR,DF,29,1990,33,31,2705,30.1,2,1,3,2,0,0,12,1,0.07,0.03,0.1,0.07,0.1,2019,standard
ENG-Premier League,2019/20,Wolves,Rui Patrício,POR,GK,31,1988,38,38,3420,38.0,0,0,0,0,0,0,0,0,0.0,0.0,0.0,0.0,0.0,2019,standard
ENG-Premier League,2019/20,Wolves,Ryan Bennett,ENG,DF,29,1990,11,7,606,6.7,0,0,0,0,0,0,2,0,0.0,0.0,0.0,0.0,0.0,2019,standard
ENG-Premier League,2019/20,Wolves,Rúben Neves,POR,MF,22,1997,38,35,3056,34.0,2,2,4,2,0,0,9,0,0.06,0.06,0.12,0.06,0.12,2019,standard
ENG-Premier League,2019/20,Wolves,Rúben Vinagre,POR,MF,20,1999,16,6,652,7.2,0,0,0,0,0,0,1,0,0.0,0.0,0.0,0.0,0.0,2019,standard
ENG-Premier League,2019/20,Wolves,Willy Boly,CIV,DF,28,1991,22,22,1979,22.0,0,1,1,0,0,0,3,1,0.0,0.05,0.05,0.0,0.05,2019,standard
