league,season,team,player,nation,pos,age,born,90s,Standard_Gls,Standard_Sh,Standard_SoT,Standard_SoT%,Standard_Sh/90,Standard_SoT/90,Standard_G/Sh,Standard_G/SoT,Standard_PK,Standard_PKatt,season_start,stat_type
ENG-Premier League,2019/20,Arsenal,Ainsley Maitland-Niles,ENG,DF,21,1997,15.4,0,4,1,25.0,0.26,0.06,0.0,0.0,0,0,2019,shooting
ENG-Premier League,2019/20,Arsenal,Alexandre Lacazette,FRA,FW,28,1991,20.8,10,53,26,49.1,2.55,1.25,0.19,0.38,0,0,2019,shooting
ENG-Premier League,2019/20,Arsenal,Bernd Leno,GER,GK,27,1992,29.4,0,0,0,,0.0,0.0,,,0,0,2019,shooting
ENG-Premier League,2019/20,Arsenal,Bukayo Saka,ENG,"MF,DF",17,2001,19.5,1,13,4,30.8,0.67,0.21,0.08,0.25,0,0,2019,shooting
ENG-Premier League,2019/20,Arsenal,Calum Chambers,ENG,DF,24,1995,12.2,1,12,2,16.7,0.98,0.16,0.08,0.5,0,0,2019,shooting
ENG-Premier League,2019/20,Arsenal,Cédric Soares,POR,MF,27,1991,2.8,1,1,1,100.0,0.36,0.36,1.0,1.0,0,0,2019,shooting
ENG-Premier League,2019/20,Arsenal,Dani Ceballos,ESP,MF,22,1996,18.8,0,13,3,23.1,0.69,0.16,0.0,0.0,0,0,2019,shooting
ENG-Premier League,2019/20,Arsenal,David Luiz,BRA,DF,32,1987,31.2,2,23,8,34.8,0.74,0.26,0.09,0.25,0,0,2019,shooting
ENG-Premier League,2019/20,Arsenal,Eddie Nketiah,ENG,FW,20,1999,7.0,2,15,5,33.3,2.13,0.71,0.13,0.4,0,0,2019,shooting
ENG-Premier League,2019/20,Arsenal,Emile Smith Rowe,ENG,MF,19,2000,1.1,0,0,0,,0.0,0.0,,,0,0,2019,shooting
ENG-Premier League,2019/20,Arsenal,Emiliano Martínez,ARG,GK,26,1992,8.6,0,0,0,,0.0,0.0,,,0,0,2019,shooting
ENG-Premier League,2019/20,Arsenal,Gabriel Martinelli,BRA,MF,18,2001,7.4,3,12,5,41.7,1.63,0.68,0.25,0.6,0,0,2019,shooting
ENG-Premier League,2019/20,Arsenal,Granit Xhaka,SUI,MF,26,1992,28.7,1,11,3,27.3,0.38,0.1,0.09,0.33,0,0,2019,shooting
ENG-Premier League,2019/20,Arsenal,Henrikh Mkhitaryan,ARM,MF,30,1989,1.2,0,2,0,0.0,1.61,0.0,0.0,,0,0,2019,shooting
ENG-Premier League,2019/20,Arsenal,Héctor Bellerín,ESP,"DF,MF",24,1995,12.9,1,7,2,28.6,0.54,0.16,0.14,0.5,0,0,2019,shooting
ENG-Premier League,2019/20,Arsenal,Joe Willock,ENG,MF,19,1999,9.5,1,15,5,33.3,1.58,0.53,0.07,0.2,0,0,2019,shooting
ENG-Premier League,2019/20,Arsenal,Kieran Tierney,SCO,"DF,MF",22,1997,11.0,1,6,2,33.3,0.55,0.18,0.17,0.5,0,0,2019,shooting
ENG-Premier League,2019/20,Arsenal,Lucas Torreira,URU,MF,23,1996,16.8,1,21,6,28.6,1.25,0.36,0.05,0.17,0,0,2019,shooting
ENG-Premier League,2019/20,Arsenal,Mattéo Guendouzi,FRA,MF,20,1999,19.4,0,11,5,45.5,0.57,0.26,0.0,0.0,0,0,2019,shooting
ENG-Premier League,2019/20,Arsenal,Mesut Özil,GER,MF,30,1988,16.0,1,9,3,33.3,0.56,0.19,0.11,0.33,0,0,2019,shooting
ENG-Premier League,2019/20,Arsenal,Nacho Monreal,ESP,DF,33,1986,3.0,0,1,0,0.0,0.33,0.0,0.0,,0,0,2019,shooting
ENG-Premier League,2019/20,Arsenal,Nicolas Pépé,CIV,"MF,FW",24,1995,22.3,5,50,18,36.0,2.24,0.81,0.1,0.28,1,1,2019,shooting
ENG-Premier League,2019/20,Arsenal,Pablo Marí,ESP,DF,25,1993,1.3,0,0,0,,0.0,0.0,,,0,0,2019,shooting
ENG-Premier League,2019/20,Arsenal,Pierre-Emerick Aubameyang,GAB,"FW,MF",30,1989,34.8,22,93,42,45.2,2.67,1.21,0.24,0.52,2,2,2019,shooting
ENG-Premier League,2019/20,Arsenal,Reiss Nelson,ENG,"MF,FW",19,1999,7.0,1,11,4,36.4,1.57,0.57,0.09,0.25,0,0,2019,shooting
ENG-Premier League,2019/20,Arsenal,Rob Holding,ENG,DF,23,1995,6.5,0,2,0,0.0,0.31,0.0,0.0,,0,0,2019,shooting
ENG-Premier League,2019/20,Arsenal,Sead Kolašinac,BIH,DF,26,1993,18.9,0,4,0,0.0,0.21,0.0,0.0,,0,0,2019,shooting
ENG-Premier League,2019/20,Arsenal,Shkodran Mustafi,GER,DF,27,1992,13.4,0,11,4,36.4,0.82,0.3,0.0,0.0,0,0,2019,shooting
ENG-Premier League,2019/20,Arsenal,Sokratis Papastathopoulos,GRE,DF,31,1988,18.8,2,7,2,28.6,0.37,0.11,0.29,1.0,0,0,2019,shooting
ENG-Premier League,2019/20,Aston Villa,Ahmed Elmohamady,EGY,DF,31,1987,11.5,1,5,1,20.0,0.44,0.09,0.2,1.0,0,0,2019,shooting
ENG-Premier League,2019/20,Aston Villa,Anwar El Ghazi,NED,"FW,MF",24,1995,22.8,4,53,20,37.7,2.33,0.88,0.08,0.2,1,1,2019,shooting
ENG-Premier League,2019/20,Aston Villa,Björn Engels,BEL,DF,24,1994,16.1,1,8,1,12.5,0.5,0.06,0.13,1.0,0,0,2019,shooting
ENG-Premier League,2019/20,Aston Villa,Borja Bastón,ESP,FW,26,1992,0.2,0,0,0,,0.0,0.0,,,0,0,2019,shooting
ENG-Premier League,2019/20,Aston Villa,Conor Hourihane,IRL,MF,28,1991,17.0,3,29,10,34.5,1.7,0.59,0.1,0.3,0,0,2019,shooting
ENG-Premier League,2019/20,Aston Villa,Danny Drinkwater,ENG,MF,29,1990,2.9,0,2,0,0.0,0.69,0.0,0.0,,0,0,2019,shooting
ENG-Premier League,2019/20,Aston Villa,Douglas Luiz,BRA,MF,21,1998,29.0,3,38,12,31.6,1.31,0.41,0.08,0.25,0,0,2019,shooting
ENG-Premier League,2019/20,Aston Villa,Ezri Konsa,ENG,DF,21,1997,22.7,1,11,4,36.4,0.49,0.18,0.09,0.25,0,0,2019,shooting
ENG-Premier League,2019/20,Aston Villa,Frederic Guilbert,FRA,"DF,MF",24,1994,22.7,0,8,3,37.5,0.35,0.13,0.0,0.0,0,0,2019,shooting
ENG-Premier League,2019/20,Aston Villa,Henri Lansbury,ENG,MF,28,1990,2.2,0,2,0,0.0,0.92,0.0,0.0,,0,0,2019,shooting
ENG-Premier League,2019/20,Aston Villa,Indiana Vassilev,USA,"FW,MF",18,2001,0.6,0,1,0,0.0,1.76,0.0,0.0,,0,0,2019,shooting
ENG-Premier League,2019/20,Aston Villa,Jack Grealish,ENG,"FW,MF",23,1995,35.9,8,73,23,31.5,2.03,0.64,0.11,0.35,0,1,2019,shooting
ENG-Premier League,2019/20,Aston Villa,Jed Steer,ENG,GK,26,1992,0.1,0,0,0,,0.0,0.0,,,0,0,2019,shooting
ENG-Premier League,2019/20,Aston Villa,John McGinn,SCO,MF,24,1994,25.7,3,55,20,36.4,2.14,0.78,0.05,0.15,0,0,2019,shooting
ENG-Premier League,2019/20,Aston Villa,Jonathan Kodjia,CIV,FW,29,1989,1.3,0,2,0,0.0,1.54,0.0,0.0,,0,0,2019,shooting
ENG-Premier League,2019/20,Aston Villa,Jota,ESP,"MF,FW",28,1991,3.7,0,6,1,16.7,1.61,0.27,0.0,0.0,0,0,2019,shooting
ENG-Premier League,2019/20,Aston Villa,Keinan Davis,ENG,FW,21,1998,6.1,0,17,5,29.4,2.79,0.82,0.0,0.0,0,0,2019,shooting
ENG-Premier League,2019/20,Aston Villa,Kortney Hause,ENG,DF,24,1995,17.2,1,20,3,15.0,1.17,0.17,0.05,0.33,0,0,2019,shooting
ENG-Premier League,2019/20,Aston Villa,Marvelous Nakamba,ZIM,MF,25,1994,20.4,0,7,1,14.3,0.34,0.05,0.0,0.0,0,0,2019,shooting
ENG-Premier League,2019/20,Aston Villa,Matt Targett,ENG,"DF,MF",23,1995,25.5,1,7,4,57.1,0.27,0.16,0.14,0.25,0,0,2019,shooting
ENG-Premier League,2019/20,Aston Villa,Mbwana Samatta,TAN,FW,26,1992,10.5,1,17,3,17.6,1.62,0.29,0.06,0.33,0,0,2019,shooting
ENG-Premier League,2019/20,Aston Villa,Neil Taylor,WAL,DF,30,1989,12.1,0,3,0,0.0,0.25,0.0,0.0,,0,0,2019,shooting
ENG-Premier League,2019/20,Aston Villa,Pepe Reina,ESP,GK,36,1982,12.0,0,0,0,,0.0,0.0,,,0,0,2019,shooting
ENG-Premier League,2019/20,Aston Villa,Tom Heaton,ENG,GK,33,1986,19.9,0,0,0,,0.0,0.0,,,0,0,2019,shooting
ENG-Premier League,2019/20,Aston Villa,Trézéguet,EGY,"FW,MF",24,1994,21.7,6,50,17,34.0,2.31,0.78,0.12,0.35,0,0,2019,shooting
ENG-Premier League,2019/20,Aston Villa,Tyrone Mings,ENG,DF,26,1993,32.2,2,9,4,44.4,0.28,0.12,0.22,0.5,0,0,2019,shooting
ENG-Premier League,2019/20,Aston Villa,Wesley Moraes,BRA,FW,22,1996,19.8,5,36,18,50.0,1.82,0.91,0.14,0.28,0,1,2019,shooting
ENG-Premier League,2019/20,Aston Villa,Ørjan Nyland,NOR,GK,28,1990,6.0,0,0,0,,0.0,0.0,,,0,0,2019,shooting
ENG-Premier League,2019/20,Bournemouth,Aaron Ramsdale,ENG,GK,21,1998,37.0,0,0,0,,0.0,0.0,,,0,0,2019,shooting
ENG-Premier League,2019/20,Bournemouth,Adam Smith,ENG,DF,28,1991,22.8,0,4,1,25.0,0.18,0.04,0.0,0.0,0,0,2019,shooting
ENG-Premier League,2019/20,Bournemouth,Andrew Surman,ENG,MF,32,1986,2.6,0,1,0,0.0,0.38,0.0,0.0,,0,0,2019,shooting
ENG-Premier League,2019/20,Bournemouth,Arnaut Danjuma,NED,MF,22,1997,7.0,0,13,4,30.8,1.86,0.57,0.0,0.0,0,0,2019,shooting
ENG-Premier League,2019/20,Bournemouth,Callum Wilson,ENG,FW,27,1992,32.3,8,54,21,38.9,1.67,0.65,0.15,0.38,0,0,2019,shooting
ENG-Premier League,2019/20,Bournemouth,Charlie Daniels,ENG,DF,32,1986,1.4,0,0,0,,0.0,0.0,,,0,0,2019,shooting
ENG-Premier League,2019/20,Bournemouth,Chris Mepham,WAL,DF,21,1997,10.1,1,7,2,28.6,0.69,0.2,0.14,0.5,0,0,2019,shooting
ENG-Premier League,2019/20,Bournemouth,Dan Gosling,ENG,MF,29,1990,14.0,3,13,6,46.2,0.93,0.43,0.23,0.5,0,0,2019,shooting
ENG-Premier League,2019/20,Bournemouth,David Brooks,WAL,MF,22,1997,5.6,1,6,2,33.3,1.07,0.36,0.17,0.5,0,0,2019,shooting
ENG-Premier League,2019/20,Bournemouth,Diego Rico,ESP,DF,26,1993,25.9,0,11,3,27.3,0.42,0.12,0.0,0.0,0,0,2019,shooting
ENG-Premier League,2019/20,Bournemouth,Dominic Solanke,ENG,FW,21,1997,18.3,3,32,8,25.0,1.74,0.44,0.09,0.38,0,0,2019,shooting
ENG-Premier League,2019/20,Bournemouth,Harry Wilson,WAL,"MF,FW",22,1997,18.3,7,56,19,33.9,3.06,1.04,0.13,0.37,0,0,2019,shooting
ENG-Premier League,2019/20,Bournemouth,Jack Simpson,ENG,DF,22,1996,2.7,0,1,0,0.0,0.37,0.0,0.0,,0,0,2019,shooting
ENG-Premier League,2019/20,Bournemouth,Jack Stacey,ENG,DF,23,1996,17.2,0,5,2,40.0,0.29,0.12,0.0,0.0,0,0,2019,shooting
ENG-Premier League,2019/20,Bournemouth,Jefferson Lerma,COL,MF,24,1994,30.0,1,30,2,6.7,1.0,0.07,0.03,0.5,0,0,2019,shooting
ENG-Premier League,2019/20,Bournemouth,Jordon Ibe,ENG,"FW,MF",23,1995,0.6,0,0,0,,0.0,0.0,,,0,0,2019,shooting
ENG-Premier League,2019/20,Bournemouth,Joshua King,NOR,"FW,MF",27,1992,22.3,6,26,13,50.0,1.16,0.58,0.23,0.46,3,3,2019,shooting
ENG-Premier League,2019/20,Bournemouth,Junior Stanislas,ENG,"MF,DF",29,1989,7.9,3,17,7,41.2,2.15,0.88,0.18,0.43,1,1,2019,shooting
ENG-Premier League,2019/20,Bournemouth,Lewis Cook,ENG,MF,22,1997,15.0,0,9,2,22.2,0.6,0.13,0.0,0.0,0,0,2019,shooting
ENG-Premier League,2019/20,Bournemouth,Lloyd Kelly,ENG,DF,20,1998,7.1,0,1,0,0.0,0.14,0.0,0.0,,0,0,2019,shooting
ENG-Premier League,2019/20,Bournemouth,Mark Travers,IRL,GK,20,1999,1.0,0,0,0,,0.0,0.0,,,0,0,2019,shooting
ENG-Premier League,2019/20,Bournemouth,Nathan Aké,NED,DF,24,1995,27.8,2,25,7,28.0,0.9,0.25,0.08,0.29,0,0,2019,shooting
ENG-Premier League,2019/20,Bournemouth,Philip Billing,DEN,MF,23,1996,28.1,1,33,8,24.2,1.17,0.28,0.03,0.13,0,0,2019,shooting
ENG-Premier League,2019/20,Bournemouth,Ryan Fraser,SCO,"MF,FW",25,1994,23.0,1,27,12,44.4,1.18,0.52,0.04,0.08,0,0,2019,shooting
ENG-Premier League,2019/20,Bournemouth,Sam Surridge,ENG,FW,21,1998,0.3,0,2,0,0.0,6.67,0.0,0.0,,0,0,2019,shooting
ENG-Premier League,2019/20,Bournemouth,Simon Francis,ENG,DF,34,1985,10.8,0,3,0,0.0,0.28,0.0,0.0,,0,0,2019,shooting
ENG-Premier League,2019/20,Bournemouth,Steve Cook,ENG,DF,28,1991,27.0,1,12,2,16.7,0.44,0.07,0.08,0.5,0,0,2019,shooting
ENG-Premier League,2019/20,Brighton,Aaron Connolly,IRL,FW,19,2000,14.0,3,36,13,36.1,2.58,0.93,0.08,0.23,0,0,2019,shooting
ENG-Premier League,2019/20,Brighton,Aaron Mooy,AUS,"MF,FW",28,1990,23.2,2,33,8,24.2,1.42,0.35,0.06,0.25,0,0,2019,shooting
ENG-Premier League,2019/20,Brighton,Adam Webster,ENG,DF,24,1995,29.6,3,16,7,43.8,0.54,0.24,0.19,0.43,0,0,2019,shooting
ENG-Premier League,2019/20,Brighton,Alexis Mac Allister,ARG,"MF,FW",20,1998,3.9,0,7,1,14.3,1.79,0.26,0.0,0.0,0,0,2019,shooting
ENG-Premier League,2019/20,Brighton,Alireza Jahanbakhsh,IRN,"MF,FW",25,1993,3.5,2,12,2,16.7,3.47,0.58,0.17,1.0,0,0,2019,shooting
ENG-Premier League,2019/20,Brighton,Bernardo,BRA,"DF,MF",24,1995,7.5,0,7,2,28.6,0.93,0.27,0.0,0.0,0,0,2019,shooting
ENG-Premier League,2019/20,Brighton,Dale Stephens,ENG,MF,30,1989,28.1,0,19,2,10.5,0.68,0.07,0.0,0.0,0,0,2019,shooting
ENG-Premier League,2019/20,Brighton,Dan Burn,ENG,DF,27,1992,32.0,0,13,0,0.0,0.41,0.0,0.0,,0,0,2019,shooting
ENG-Premier League,2019/20,Brighton,Davy Pröpper,NED,MF,27,1991,31.4,1,29,8,27.6,0.92,0.25,0.03,0.13,0,0,2019,shooting
ENG-Premier League,2019/20,Brighton,Ezequiel Schelotto,ITA,"DF,MF",30,1989,4.0,0,4,1,25.0,1.0,0.25,0.0,0.0,0,0,2019,shooting
ENG-Premier League,2019/20,Brighton,Florin Andone,ROU,FW,26,1993,0.8,1,1,1,100.0,1.23,1.23,1.0,1.0,0,0,2019,shooting
ENG-Premier League,2019/20,Brighton,Gaëtan Bong,CMR,DF,31,1988,0.7,0,0,0,,0.0,0.0,,,0,0,2019,shooting
ENG-Premier League,2019/20,Brighton,Glenn Murray,ENG,FW,35,1983,8.9,1,19,5,26.3,2.15,0.56,0.05,0.2,0,0,2019,shooting
ENG-Premier League,2019/20,Brighton,Jürgen Locadia,CUW,MF,25,1993,1.0,0,2,1,50.0,2.09,1.05,0.0,0.0,0,0,2019,shooting
ENG-Premier League,2019/20,Brighton,Leandro Trossard,BEL,"MF,FW",24,1994,22.3,5,41,12,29.3,1.83,0.54,0.12,0.42,0,0,2019,shooting
ENG-Premier League,2019/20,Brighton,Lewis Dunk,ENG,DF,27,1991,35.9,3,31,10,32.3,0.86,0.28,0.1,0.3,0,0,2019,shooting
ENG-Premier League,2019/20,Brighton,Martín Montoya,ESP,"DF,MF",28,1991,21.1,0,8,3,37.5,0.38,0.14,0.0,0.0,0,0,2019,shooting
ENG-Premier League,2019/20,Brighton,Mathew Ryan,AUS,GK,27,1992,38.0,0,0,0,,0.0,0.0,,,0,0,2019,shooting
ENG-Premier League,2019/20,Brighton,Neal Maupay,FRA,FW,22,1996,30.7,10,96,38,39.6,3.12,1.24,0.1,0.26,1,2,2019,shooting
ENG-Premier League,2019/20,Brighton,Pascal Groß,GER,"MF,FW",28,1991,20.0,2,29,8,27.6,1.45,0.4,0.07,0.25,0,0,2019,shooting
ENG-Premier League,2019/20,Brighton,Shane Duffy,IRL,DF,27,1992,13.8,1,6,1,16.7,0.44,0.07,0.17,1.0,0,0,2019,shooting
ENG-Premier League,2019/20,Brighton,Solly March,ENG,"MF,FW",25,1994,12.7,0,20,8,40.0,1.57,0.63,0.0,0.0,0,0,2019,shooting
ENG-Premier League,2019/20,Brighton,Steven Alzate,COL,"MF,DF",20,1998,13.2,0,13,3,23.1,0.98,0.23,0.0,0.0,0,0,2019,shooting
ENG-Premier League,2019/20,Brighton,Tariq Lamptey,GHA,"DF,MF",18,2000,6.5,0,2,0,0.0,0.31,0.0,0.0,,0,0,2019,shooting
ENG-Premier League,2019/20,Brighton,Yves Bissouma,MLI,MF,22,1996,14.0,1,16,7,43.8,1.14,0.5,0.06,0.14,0,0,2019,shooting
ENG-Premier League,2019/20,Burnley,Aaron Lennon,ENG,MF,32,1987,5.5,0,1,0,0.0,0.18,0.0,0.0,,0,0,2019,shooting
ENG-Premier League,2019/20,Burnley,Ashley Barnes,ENG,FW,29,1989,15.0,6,40,12,30.0,2.66,0.8,0.15,0.5,1,1,2019,shooting
ENG-Premier League,2019/20,Burnley,Ashley Westwood,ENG,MF,29,1990,35.0,2,13,3,23.1,0.37,0.09,0.15,0.67,0,0,2019,shooting
ENG-Premier League,2019/20,Burnley,Ben Mee,ENG,DF,29,1989,32.0,1,17,7,41.2,0.53,0.22,0.06,0.14,0,0,2019,shooting
ENG-Premier League,2019/20,Burnley,Charlie Taylor,ENG,DF,25,1993,21.6,0,1,0,0.0,0.05,0.0,0.0,,0,0,2019,shooting
ENG-Premier League,2019/20,Burnley,Chris Wood,NZL,FW,27,1991,27.1,14,65,30,46.2,2.4,1.11,0.22,0.47,1,1,2019,shooting
ENG-Premier League,2019/20,Burnley,Danny Drinkwater,ENG,MF,29,1990,0.6,0,0,0,,0.0,0.0,,,0,0,2019,shooting
ENG-Premier League,2019/20,Burnley,Dwight McNeil,ENG,MF,19,1999,37.1,2,48,14,29.2,1.29,0.38,0.04,0.14,0,0,2019,shooting
ENG-Premier League,2019/20,Burnley,Erik Pieters,NED,"DF,MF",30,1988,20.9,0,14,3,21.4,0.67,0.14,0.0,0.0,0,0,2019,shooting
ENG-Premier League,2019/20,Burnley,Jack Cork,ENG,MF,30,1989,29.0,0,18,6,33.3,0.62,0.21,0.0,0.0,0,0,2019,shooting
ENG-Premier League,2019/20,Burnley,James Tarkowski,ENG,DF,26,1992,38.0,2,21,5,23.8,0.55,0.13,0.1,0.4,0,0,2019,shooting
ENG-Premier League,2019/20,Burnley,Jay Rodriguez,ENG,FW,30,1989,22.4,8,67,30,44.8,2.99,1.34,0.12,0.27,1,1,2019,shooting
ENG-Premier League,2019/20,Burnley,Jeff Hendrick,IRL,MF,27,1992,21.5,2,22,6,27.3,1.03,0.28,0.09,0.33,0,0,2019,shooting
ENG-Premier League,2019/20,Burnley,Josh Brownhill,ENG,MF,23,1995,8.9,0,6,0,0.0,0.67,0.0,0.0,,0,0,2019,shooting
ENG-Premier League,2019/20,Burnley,Jóhann Berg Guðmundsson,ISL,MF,28,1990,6.9,1,11,2,18.2,1.59,0.29,0.09,0.5,0,0,2019,shooting
ENG-Premier League,2019/20,Burnley,Kevin Long,IRL,DF,28,1990,6.3,0,2,0,0.0,0.32,0.0,0.0,,0,0,2019,shooting
ENG-Premier League,2019/20,Burnley,Matthew Lowton,ENG,DF,30,1989,17.0,0,1,0,0.0,0.06,0.0,0.0,,0,0,2019,shooting
ENG-Premier League,2019/20,Burnley,Matěj Vydra,CZE,FW,27,1992,9.1,2,18,10,55.6,1.98,1.1,0.11,0.2,0,0,2019,shooting
ENG-Premier League,2019/20,Burnley,Max Thompson,ENG,FW,17,2002,0.0,0,0,0,,0.0,0.0,,,0,0,2019,shooting
ENG-Premier League,2019/20,Burnley,Nick Pope,ENG,GK,27,1992,38.0,0,0,0,,0.0,0.0,,,0,0,2019,shooting
ENG-Premier League,2019/20,Burnley,Phil Bardsley,SCO,DF,34,1985,21.0,0,12,5,41.7,0.57,0.24,0.0,0.0,0,0,2019,shooting
ENG-Premier League,2019/20,Burnley,Robbie Brady,IRL,MF,27,1992,5.0,1,12,1,8.3,2.38,0.2,0.08,1.0,0,0,2019,shooting
ENG-Premier League,2019/20,Chelsea,Andreas Christensen,DEN,DF,23,1996,19.5,0,7,2,28.6,0.36,0.1,0.0,0.0,0,0,2019,shooting
ENG-Premier League,2019/20,Chelsea,Antonio Rüdiger,GER,DF,26,1993,19.0,2,12,3,25.0,0.63,0.16,0.17,0.67,0,0,2019,shooting
ENG-Premier League,2019/20,Chelsea,Armando Broja,ALB,FW,17,2001,0.1,0,0,0,,0.0,0.0,,,0,0,2019,shooting
ENG-Premier League,2019/20,Chelsea,Billy Gilmour,SCO,MF,18,2001,2.2,0,1,0,0.0,0.46,0.0,0.0,,0,0,2019,shooting
ENG-Premier League,2019/20,Chelsea,Callum Hudson-Odoi,ENG,"MF,FW",18,2000,9.6,1,21,4,19.0,2.19,0.42,0.05,0.25,0,0,2019,shooting
ENG-Premier League,2019/20,Chelsea,Christian Pulisic,USA,"FW,MF",20,1998,19.1,9,63,26,41.3,3.29,1.36,0.14,0.35,0,0,2019,shooting
ENG-Premier League,2019/20,Chelsea,César Azpilicueta,ESP,"DF,MF",29,1989,35.9,2,29,6,20.7,0.81,0.17,0.07,0.33,0,0,2019,shooting
ENG-Premier League,2019/20,Chelsea,Emerson Palmieri,ITA,"DF,MF",24,1994,11.4,0,13,7,53.8,1.14,0.62,0.0,0.0,0,0,2019,shooting
ENG-Premier League,2019/20,Chelsea,Faustino Anjorin,ENG,MF,17,2001,0.2,0,1,0,0.0,4.5,0.0,0.0,,0,0,2019,shooting
ENG-Premier League,2019/20,Chelsea,Fikayo Tomori,ENG,DF,21,1997,14.3,1,7,3,42.9,0.49,0.21,0.14,0.33,0,0,2019,shooting
ENG-Premier League,2019/20,Chelsea,Jorginho,ITA,MF,27,1991,26.4,4,12,4,33.3,0.45,0.15,0.33,1.0,3,3,2019,shooting
ENG-Premier League,2019/20,Chelsea,Kepa Arrizabalaga,ESP,GK,24,1994,33.0,0,0,0,,0.0,0.0,,,0,0,2019,shooting
ENG-Premier League,2019/20,Chelsea,Kurt Zouma,FRA,DF,24,1994,26.0,0,15,5,33.3,0.58,0.19,0.0,0.0,0,0,2019,shooting
ENG-Premier League,2019/20,Chelsea,Marcos Alonso,ESP,"DF,MF",28,1990,15.9,4,30,8,26.7,1.89,0.5,0.13,0.5,0,0,2019,shooting
ENG-Premier League,2019/20,Chelsea,Mason Mount,ENG,"MF,FW",20,1999,31.9,7,78,29,37.2,2.45,0.91,0.09,0.24,0,0,2019,shooting
ENG-Premier League,2019/20,Chelsea,Mateo Kovačić,CRO,MF,25,1994,23.0,1,21,5,23.8,0.91,0.22,0.05,0.2,0,0,2019,shooting
ENG-Premier League,2019/20,Chelsea,Michy Batshuayi,BEL,FW,25,1993,2.7,1,15,2,13.3,5.65,0.75,0.07,0.5,0,0,2019,shooting
ENG-Premier League,2019/20,Chelsea,N'Golo Kanté,FRA,MF,28,1991,19.2,3,18,6,33.3,0.94,0.31,0.17,0.5,0,0,2019,shooting
ENG-Premier League,2019/20,Chelsea,Olivier Giroud,FRA,FW,32,1986,11.0,8,39,19,48.7,3.53,1.72,0.21,0.42,0,0,2019,shooting
ENG-Premier League,2019/20,Chelsea,Pedro,ESP,"MF,FW",32,1987,7.3,1,22,10,45.5,3.0,1.36,0.05,0.1,0,0,2019,shooting
ENG-Premier League,2019/20,Chelsea,Reece James,ENG,"DF,MF",19,1999,16.8,0,18,3,16.7,1.07,0.18,0.0,0.0,0,0,2019,shooting
ENG-Premier League,2019/20,Chelsea,Ross Barkley,ENG,MF,25,1993,12.3,1,40,12,30.0,3.26,0.98,0.03,0.08,0,0,2019,shooting
ENG-Premier League,2019/20,Chelsea,Ruben Loftus-Cheek,ENG,"MF,FW",23,1996,2.3,0,4,0,0.0,1.73,0.0,0.0,,0,0,2019,shooting
ENG-Premier League,2019/20,Chelsea,Tammy Abraham,ENG,FW,21,1997,24.6,15,88,40,45.5,3.58,1.63,0.17,0.38,0,0,2019,shooting
ENG-Premier League,2019/20,Chelsea,Tariq Lamptey,GHA,"DF,MF",18,2000,0.4,0,0,0,,0.0,0.0,,,0,0,2019,shooting
ENG-Premier League,2019/20,Chelsea,Willian,BRA,"FW,MF",30,1988,28.9,9,71,29,40.8,2.46,1.0,0.13,0.31,4,4,2019,shooting
ENG-Premier League,2019/20,Chelsea,Willy Caballero,ARG,GK,37,1981,5.0,0,0,0,,0.0,0.0,,,0,0,2019,shooting
ENG-Premier League,2019/20,Crystal Palace,Andros Townsend,ENG,MF,28,1991,14.4,1,12,5,41.7,0.83,0.35,0.08,0.2,0,0,2019,shooting
ENG-Premier League,2019/20,Crystal Palace,Brandon Pierrick,ENG,MF,17,2001,0.2,0,0,0,,0.0,0.0,,,0,0,2019,shooting
ENG-Premier League,2019/20,Crystal Palace,Cenk Tosun,TUR,FW,28,1991,2.0,1,4,2,50.0,2.03,1.02,0.25,0.5,0,0,2019,shooting
ENG-Premier League,2019/20,Crystal Palace,Cheikhou Kouyaté,SEN,MF,29,1989,28.1,1,24,4,16.7,0.85,0.14,0.04,0.25,0,0,2019,shooting
ENG-Premier League,2019/20,Crystal Palace,Christian Benteke,BEL,FW,28,1990,14.0,2,41,19,46.3,2.93,1.36,0.05,0.11,0,0,2019,shooting
ENG-Premier League,2019/20,Crystal Palace,Connor Wickham,ENG,"FW,MF",26,1993,1.1,1,3,2,66.7,2.81,1.87,0.33,0.5,0,0,2019,shooting
ENG-Premier League,2019/20,Crystal Palace,Gary Cahill,ENG,DF,33,1985,24.1,0,21,5,23.8,0.87,0.21,0.0,0.0,0,0,2019,shooting
ENG-Premier League,2019/20,Crystal Palace,James McArthur,SCO,MF,31,1987,34.3,0,28,6,21.4,0.82,0.17,0.0,0.0,0,0,2019,shooting
ENG-Premier League,2019/20,Crystal Palace,James McCarthy,IRL,MF,28,1990,18.7,0,12,3,25.0,0.64,0.16,0.0,0.0,0,0,2019,shooting
ENG-Premier League,2019/20,Crystal Palace,James Tomkins,ENG,DF,30,1989,17.6,1,9,3,33.3,0.51,0.17,0.11,0.33,0,0,2019,shooting
ENG-Premier League,2019/20,Crystal Palace,Jaïro Riedewald,NED,"DF,MF",22,1996,8.5,0,3,0,0.0,0.35,0.0,0.0,,0,0,2019,shooting
ENG-Premier League,2019/20,Crystal Palace,Jeffrey Schlupp,GHA,MF,26,1992,11.5,3,18,10,55.6,1.56,0.87,0.17,0.3,0,0,2019,shooting
ENG-Premier League,2019/20,Crystal Palace,Joel Ward,ENG,DF,29,1989,26.5,0,5,1,20.0,0.19,0.04,0.0,0.0,0,0,2019,shooting
ENG-Premier League,2019/20,Crystal Palace,Jordan Ayew,GHA,"FW,MF",27,1991,35.0,9,58,24,41.4,1.66,0.69,0.16,0.38,0,0,2019,shooting
ENG-Premier League,2019/20,Crystal Palace,Luka Milivojević,SRB,MF,28,1991,27.9,3,31,9,29.0,1.11,0.32,0.1,0.33,2,2,2019,shooting
ENG-Premier League,2019/20,Crystal Palace,Mamadou Sakho,FRA,DF,29,1990,10.3,0,0,0,,0.0,0.0,,,0,0,2019,shooting
ENG-Premier League,2019/20,Crystal Palace,Martin Kelly,ENG,DF,29,1990,17.2,0,2,0,0.0,0.12,0.0,0.0,,0,0,2019,shooting
ENG-Premier League,2019/20,Crystal Palace,Max Meyer,GER,"MF,FW",23,1995,7.3,0,9,2,22.2,1.24,0.27,0.0,0.0,0,0,2019,shooting
ENG-Premier League,2019/20,Crystal Palace,Patrick van Aanholt,NED,DF,28,1990,27.9,3,27,6,22.2,0.97,0.22,0.11,0.5,1,1,2019,shooting
ENG-Premier League,2019/20,Crystal Palace,Scott Dann,ENG,DF,32,1987,14.1,0,8,2,25.0,0.57,0.14,0.0,0.0,0,0,2019,shooting
ENG-Premier League,2019/20,Crystal Palace,Tyrick Mitchell,ENG,DF,19,1999,2.2,0,0,0,,0.0,0.0,,,0,0,2019,shooting
ENG-Premier League,2019/20,Crystal Palace,Vicente Guaita,ESP,GK,32,1987,35.0,0,0,0,,0.0,0.0,,,0,0,2019,shooting
ENG-Premier League,2019/20,Crystal Palace,Víctor Camarasa,ESP,MF,25,1994,0.1,0,0,0,,0.0,0.0,,,0,0,2019,shooting
ENG-Premier League,2019/20,Crystal Palace,Wayne Hennessey,WAL,GK,32,1987,3.0,0,0,0,,0.0,0.0,,,0,0,2019,shooting
ENG-Premier League,2019/20,Crystal Palace,Wilfried Zaha,CIV,"MF,FW",26,1992,36.4,4,61,17,27.9,1.67,0.47,0.07,0.24,0,0,2019,shooting
ENG-Premier League,2019/20,Everton,Alex Iwobi,NGA,MF,23,1996,17.7,1,23,10,43.5,1.3,0.56,0.04,0.1,0,0,2019,shooting
ENG-Premier League,2019/20,Everton,André Gomes,POR,MF,26,1993,16.2,0,5,0,0.0,0.31,0.0,0.0,,0,0,2019,shooting
ENG-Premier League,2019/20,Everton,Anthony Gordon,ENG,MF,18,2001,4.9,0,6,1,16.7,1.23,0.2,0.0,0.0,0,0,2019,shooting
ENG-Premier League,2019/20,Everton,Bernard,BRA,MF,26,1992,14.2,3,12,5,41.7,0.84,0.35,0.25,0.6,0,0,2019,shooting
ENG-Premier League,2019/20,Everton,Cenk Tosun,TUR,FW,28,1991,3.2,1,11,3,27.3,3.4,0.93,0.09,0.33,0,0,2019,shooting
ENG-Premier League,2019/20,Everton,Djibril Sidibé,FRA,"DF,MF",27,1992,20.3,0,12,3,25.0,0.59,0.15,0.0,0.0,0,0,2019,shooting
ENG-Premier League,2019/20,Everton,Dominic Calvert-Lewin,ENG,FW,22,1997,29.2,13,85,38,44.7,2.91,1.3,0.15,0.34,0,0,2019,shooting
ENG-Premier League,2019/20,Everton,Fabian Delph,ENG,MF,29,1989,13.2,0,3,0,0.0,0.23,0.0,0.0,,0,0,2019,shooting
ENG-Premier League,2019/20,Everton,Gylfi Sigurðsson,ISL,MF,29,1989,28.4,2,46,14,30.4,1.62,0.49,0.04,0.14,1,1,2019,shooting
ENG-Premier League,2019/20,Everton,Jarrad Branthwaite,ENG,DF,17,2002,3.3,0,0,0,,0.0,0.0,,,0,0,2019,shooting
ENG-Premier League,2019/20,Everton,Jean-Philippe Gbamin,CIV,MF,23,1995,1.5,0,0,0,,0.0,0.0,,,0,0,2019,shooting
ENG-Premier League,2019/20,Everton,Jordan Pickford,ENG,GK,25,1994,38.0,0,0,0,,0.0,0.0,,,0,0,2019,shooting
ENG-Premier League,2019/20,Everton,Leighton Baines,ENG,"DF,MF",34,1984,4.5,0,1,0,0.0,0.22,0.0,0.0,,0,0,2019,shooting
ENG-Premier League,2019/20,Everton,Lucas Digne,FRA,DF,26,1993,33.7,0,29,4,13.8,0.86,0.12,0.0,0.0,0,0,2019,shooting
ENG-Premier League,2019/20,Everton,Mason Holgate,JAM,DF,22,1996,22.8,0,12,5,41.7,0.53,0.22,0.0,0.0,0,0,2019,shooting
ENG-Premier League,2019/20,Everton,Michael Keane,ENG,DF,26,1993,28.4,2,14,4,28.6,0.49,0.14,0.14,0.5,0,0,2019,shooting
ENG-Premier League,2019/20,Everton,Moise Kean,ITA,FW,19,2000,9.5,2,30,13,43.3,3.17,1.37,0.07,0.15,0,0,2019,shooting
ENG-Premier League,2019/20,Everton,Morgan Schneiderlin,FRA,MF,29,1989,11.1,0,6,0,0.0,0.54,0.0,0.0,,0,0,2019,shooting
ENG-Premier League,2019/20,Everton,Oumar Niasse,SEN,"FW,MF",29,1990,0.2,0,0,0,,0.0,0.0,,,0,0,2019,shooting
ENG-Premier League,2019/20,Everton,Richarlison,BRA,"FW,MF",22,1997,34.1,13,89,31,34.8,2.61,0.91,0.15,0.42,0,0,2019,shooting
ENG-Premier League,2019/20,Everton,Séamus Coleman,IRL,DF,30,1988,20.4,0,8,4,50.0,0.39,0.2,0.0,0.0,0,0,2019,shooting
ENG-Premier League,2019/20,Everton,Theo Walcott,ENG,MF,30,1989,14.3,2,31,10,32.3,2.17,0.7,0.06,0.2,0,0,2019,shooting
ENG-Premier League,2019/20,Everton,Tom Davies,ENG,MF,21,1998,22.5,1,17,5,29.4,0.75,0.22,0.06,0.2,0,0,2019,shooting
ENG-Premier League,2019/20,Everton,Yerry Mina,COL,DF,24,1994,25.4,2,30,12,40.0,1.18,0.47,0.07,0.17,0,0,2019,shooting
ENG-Premier League,2019/20,Leicester City,Ayoze Pérez,ESP,"MF,FW",26,1993,22.3,8,47,22,46.8,2.11,0.99,0.17,0.36,1,1,2019,shooting
ENG-Premier League,2019/20,Leicester City,Ben Chilwell,ENG,DF,22,1996,26.4,3,16,6,37.5,0.61,0.23,0.19,0.5,0,0,2019,shooting
ENG-Premier League,2019/20,Leicester City,Christian Fuchs,AUT,"DF,MF",33,1986,8.6,0,5,1,20.0,0.58,0.12,0.0,0.0,0,0,2019,shooting
ENG-Premier League,2019/20,Leicester City,Demarai Gray,JAM,MF,23,1996,6.9,2,22,7,31.8,3.18,1.01,0.09,0.29,0,1,2019,shooting
ENG-Premier League,2019/20,Leicester City,Dennis Praet,BEL,MF,25,1994,12.6,1,16,3,18.8,1.27,0.24,0.06,0.33,0,0,2019,shooting
ENG-Premier League,2019/20,Leicester City,George Hirst,SCO,FW,20,1999,0.1,0,3,1,33.3,24.55,8.18,0.0,0.0,0,0,2019,shooting
ENG-Premier League,2019/20,Leicester City,Hamza Choudhury,BAN,MF,21,1997,9.9,1,7,2,28.6,0.71,0.2,0.14,0.5,0,0,2019,shooting
ENG-Premier League,2019/20,Leicester City,Harvey Barnes,ENG,MF,21,1997,23.1,6,61,28,45.9,2.64,1.21,0.1,0.21,0,0,2019,shooting
ENG-Premier League,2019/20,Leicester City,James Justin,ENG,"DF,MF",21,1998,11.2,0,7,0,0.0,0.62,0.0,0.0,,0,0,2019,shooting
ENG-Premier League,2019/20,Leicester City,James Maddison,ENG,"MF,FW",22,1996,29.2,6,74,18,24.3,2.54,0.62,0.08,0.33,0,0,2019,shooting
ENG-Premier League,2019/20,Leicester City,Jamie Vardy,ENG,FW,32,1987,33.7,23,89,43,48.3,2.64,1.28,0.26,0.53,4,5,2019,shooting
ENG-Premier League,2019/20,Leicester City,Jonny Evans,NIR,DF,31,1988,37.6,1,23,8,34.8,0.61,0.21,0.04,0.13,0,0,2019,shooting
ENG-Premier League,2019/20,Leicester City,Kasper Schmeichel,DEN,GK,32,1986,38.0,0,1,0,0.0,0.03,0.0,0.0,,0,0,2019,shooting
ENG-Premier League,2019/20,Leicester City,Kelechi Iheanacho,NGA,FW,22,1996,10.7,5,35,19,54.3,3.28,1.78,0.14,0.26,0,0,2019,shooting
ENG-Premier League,2019/20,Leicester City,Luke Thomas,ENG,MF,18,2001,3.0,0,0,0,,0.0,0.0,,,0,0,2019,shooting
ENG-Premier League,2019/20,Leicester City,Marc Albrighton,ENG,MF,29,1989,9.6,0,10,2,20.0,1.04,0.21,0.0,0.0,0,0,2019,shooting
ENG-Premier League,2019/20,Leicester City,Matty James,ENG,MF,28,1991,0.1,0,0,0,,0.0,0.0,,,0,0,2019,shooting
ENG-Premier League,2019/20,Leicester City,Nampalys Mendy,SEN,MF,27,1992,3.2,0,1,1,100.0,0.31,0.31,0.0,0.0,0,0,2019,shooting
ENG-Premier League,2019/20,Leicester City,Ricardo Pereira,POR,DF,25,1993,28.0,3,18,5,27.8,0.64,0.18,0.17,0.6,0,0,2019,shooting
ENG-Premier League,2019/20,Leicester City,Ryan Bennett,ENG,DF,29,1990,3.7,0,0,0,,0.0,0.0,,,0,0,2019,shooting
ENG-Premier League,2019/20,Leicester City,Wes Morgan,JAM,DF,35,1984,4.8,0,4,2,50.0,0.83,0.41,0.0,0.0,0,0,2019,shooting
ENG-Premier League,2019/20,Leicester City,Wilfred Ndidi,NGA,MF,22,1996,29.7,2,26,3,11.5,0.88,0.1,0.08,0.67,0,0,2019,shooting
ENG-Premier League,2019/20,Leicester City,Youri Tielemans,BEL,MF,22,1997,31.4,3,54,13,24.1,1.72,0.41,0.06,0.23,0,0,2019,shooting
ENG-Premier League,2019/20,Leicester City,Çağlar Söyüncü,TUR,DF,23,1996,33.7,1,17,5,29.4,0.5,0.15,0.06,0.2,0,0,2019,shooting
ENG-Premier League,2019/20,Liverpool,Adam Lallana,ENG,MF,31,1988,4.2,1,5,1,20.0,1.18,0.24,0.2,1.0,0,0,2019,shooting
ENG-Premier League,2019/20,Liverpool,Adrián,ESP,GK,32,1987,9.7,0,0,0,,0.0,0.0,,,0,0,2019,shooting
ENG-Premier League,2019/20,Liverpool,Alex Oxlade-Chamberlain,ENG,"MF,FW",25,1993,16.5,4,40,10,25.0,2.42,0.61,0.1,0.4,0,0,2019,shooting
ENG-Premier League,2019/20,Liverpool,Alisson,BRA,GK,26,1992,28.3,0,0,0,,0.0,0.0,,,0,0,2019,shooting
ENG-Premier League,2019/20,Liverpool,Andy Robertson,SCO,DF,25,1994,34.6,2,22,6,27.3,0.64,0.17,0.09,0.33,0,0,2019,shooting
ENG-Premier League,2019/20,Liverpool,Curtis Jones,ENG,MF,18,2001,1.4,1,6,2,33.3,4.29,1.43,0.17,0.5,0,0,2019,shooting
ENG-Premier League,2019/20,Liverpool,Dejan Lovren,CRO,DF,30,1989,8.6,0,5,1,20.0,0.58,0.12,0.0,0.0,0,0,2019,shooting
ENG-Premier League,2019/20,Liverpool,Divock Origi,BEL,FW,24,1995,8.0,4,14,6,42.9,1.76,0.75,0.29,0.67,0,0,2019,shooting
ENG-Premier League,2019/20,Liverpool,Fabinho,BRA,MF,25,1993,23.1,2,12,4,33.3,0.52,0.17,0.17,0.5,0,0,2019,shooting
ENG-Premier League,2019/20,Liverpool,Georginio Wijnaldum,NED,MF,28,1990,32.6,4,36,15,41.7,1.1,0.46,0.11,0.27,0,0,2019,shooting
ENG-Premier League,2019/20,Liverpool,Harvey Elliott,ENG,"FW,MF",16,2003,0.1,0,0,0,,0.0,0.0,,,0,0,2019,shooting
ENG-Premier League,2019/20,Liverpool,James Milner,ENG,"MF,DF",33,1986,10.4,2,12,4,33.3,1.15,0.38,0.17,0.5,2,2,2019,shooting
ENG-Premier League,2019/20,Liverpool,Joe Gomez,ENG,DF,22,1997,22.3,0,1,0,0.0,0.04,0.0,0.0,,0,0,2019,shooting
ENG-Premier League,2019/20,Liverpool,Jordan Henderson,ENG,MF,29,1990,24.9,4,20,8,40.0,0.8,0.32,0.2,0.5,0,0,2019,shooting
ENG-Premier League,2019/20,Liverpool,Joël Matip,CMR,DF,27,1991,7.8,1,4,1,25.0,0.51,0.13,0.25,1.0,0,0,2019,shooting
ENG-Premier League,2019/20,Liverpool,Mohamed Salah,EGY,FW,27,1992,32.0,19,132,59,44.7,4.13,1.85,0.14,0.32,3,3,2019,shooting
ENG-Premier League,2019/20,Liverpool,Naby Keïta,GUI,MF,24,1995,9.1,2,12,7,58.3,1.33,0.77,0.17,0.29,0,0,2019,shooting
ENG-Premier League,2019/20,Liverpool,Neco Williams,WAL,DF,18,2001,2.6,0,7,1,14.3,2.74,0.39,0.0,0.0,0,0,2019,shooting
ENG-Premier League,2019/20,Liverpool,Roberto Firmino,BRA,FW,27,1991,33.2,9,98,39,39.8,2.95,1.17,0.09,0.23,0,0,2019,shooting
ENG-Premier League,2019/20,Liverpool,Sadio Mané,SEN,FW,27,1992,30.5,18,77,36,46.8,2.52,1.18,0.23,0.5,0,0,2019,shooting
ENG-Premier League,2019/20,Liverpool,Takumi Minamino,JPN,FW,24,1995,2.8,0,8,2,25.0,2.89,0.72,0.0,0.0,0,0,2019,shooting
ENG-Premier League,2019/20,Liverpool,Trent Alexander-Arnold,ENG,DF,20,1998,35.3,4,44,13,29.5,1.25,0.37,0.09,0.31,0,0,2019,shooting
ENG-Premier League,2019/20,Liverpool,Virgil van Dijk,NED,DF,28,1991,38.0,5,31,15,48.4,0.82,0.39,0.16,0.33,0,0,2019,shooting
ENG-Premier League,2019/20,Liverpool,Xherdan Shaqiri,SUI,MF,27,1991,2.1,1,4,1,25.0,1.95,0.49,0.25,1.0,0,0,2019,shooting
ENG-Premier League,2019/20,Manchester City,Angeliño,ESP,DF,22,1997,4.7,0,5,0,0.0,1.06,0.0,0.0,,0,0,2019,shooting
ENG-Premier League,2019/20,Manchester City,Aymeric Laporte,ESP,DF,25,1994,12.2,1,4,2,50.0,0.33,0.16,0.25,0.5,0,0,2019,shooting
ENG-Premier League,2019/20,Manchester City,Benjamin Mendy,FRA,DF,25,1994,16.6,0,10,1,10.0,0.6,0.06,0.0,0.0,0,0,2019,shooting
ENG-Premier League,2019/20,Manchester City,Bernardo Silva,POR,"FW,MF",24,1994,22.6,6,52,15,28.8,2.31,0.67,0.12,0.4,0,0,2019,shooting
ENG-Premier League,2019/20,Manchester City,Claudio Bravo,CHI,GK,36,1983,3.9,0,0,0,,0.0,0.0,,,0,0,2019,shooting
ENG-Premier League,2019/20,Manchester City,David Silva,ESP,MF,33,1986,20.3,6,47,18,38.3,2.32,0.89,0.13,0.33,0,0,2019,shooting
ENG-Premier League,2019/20,Manchester City,Ederson Moraes,BRA,GK,25,1993,34.1,0,0,0,,0.0,0.0,,,0,0,2019,shooting
ENG-Premier League,2019/20,Manchester City,Eric García,ESP,DF,18,2001,8.8,0,2,1,50.0,0.23,0.11,0.0,0.0,0,0,2019,shooting
ENG-Premier League,2019/20,Manchester City,Fernandinho,BRA,DF,34,1985,26.6,0,16,1,6.3,0.6,0.04,0.0,0.0,0,0,2019,shooting
ENG-Premier League,2019/20,Manchester City,Gabriel Jesus,BRA,FW,22,1997,22.6,14,101,48,47.5,4.48,2.13,0.14,0.29,0,1,2019,shooting
ENG-Premier League,2019/20,Manchester City,John Stones,ENG,DF,25,1994,12.5,0,6,1,16.7,0.48,0.08,0.0,0.0,0,0,2019,shooting
ENG-Premier League,2019/20,Manchester City,João Cancelo,POR,DF,25,1994,13.4,0,15,3,20.0,1.12,0.22,0.0,0.0,0,0,2019,shooting
ENG-Premier League,2019/20,Manchester City,Kevin De Bruyne,BEL,MF,28,1991,31.0,13,98,30,30.6,3.16,0.97,0.13,0.43,2,2,2019,shooting
ENG-Premier League,2019/20,Manchester City,Kyle Walker,ENG,DF,29,1990,26.6,1,14,3,21.4,0.53,0.11,0.07,0.33,0,0,2019,shooting
ENG-Premier League,2019/20,Manchester City,Leroy Sané,GER,"FW,MF",23,1996,0.1,0,2,0,0.0,15.0,0.0,0.0,,0,0,2019,shooting
ENG-Premier League,2019/20,Manchester City,Nicolás Otamendi,ARG,DF,31,1988,19.1,2,15,7,46.7,0.79,0.37,0.13,0.29,0,0,2019,shooting
ENG-Premier League,2019/20,Manchester City,Oleksandr Zinchenko,UKR,DF,22,1996,14.2,0,16,3,18.8,1.13,0.21,0.0,0.0,0,0,2019,shooting
ENG-Premier League,2019/20,Manchester City,Phil Foden,ENG,"FW,MF",19,2000,10.0,5,34,15,44.1,3.4,1.5,0.15,0.33,0,0,2019,shooting
ENG-Premier League,2019/20,Manchester City,Raheem Sterling,ENG,"FW,MF",24,1994,29.5,20,100,39,39.0,3.39,1.32,0.2,0.51,0,2,2019,shooting
ENG-Premier League,2019/20,Manchester City,Riyad Mahrez,ALG,"FW,MF",28,1991,21.6,11,74,32,43.2,3.43,1.48,0.15,0.34,1,1,2019,shooting
ENG-Premier League,2019/20,Manchester City,Rodri,ESP,MF,23,1996,27.6,3,24,9,37.5,0.87,0.33,0.13,0.33,0,0,2019,shooting
ENG-Premier League,2019/20,Manchester City,Sergio Agüero,ARG,FW,31,1988,16.1,16,76,28,36.8,4.71,1.74,0.21,0.57,2,3,2019,shooting
ENG-Premier League,2019/20,Manchester City,Tommy Doyle,ENG,MF,17,2001,0.2,0,1,1,100.0,5.63,5.63,0.0,0.0,0,0,2019,shooting
ENG-Premier League,2019/20,Manchester City,İlkay Gündoğan,GER,MF,28,1990,22.4,2,33,8,24.2,1.47,0.36,0.06,0.25,1,2,2019,shooting
ENG-Premier League,2019/20,Manchester Utd,Aaron Wan-Bissaka,COD,"DF,MF",21,1997,34.1,0,7,1,14.3,0.21,0.03,0.0,0.0,0,0,2019,shooting
ENG-Premier League,2019/20,Manchester Utd,Andreas Pereira,BRA,MF,23,1996,16.5,1,37,14,37.8,2.24,0.85,0.03,0.07,0,0,2019,shooting
ENG-Premier League,2019/20,Manchester Utd,Angel Gomes,ENG,"FW,MF",18,2000,0.2,0,0,0,,0.0,0.0,,,0,0,2019,shooting
ENG-Premier League,2019/20,Manchester Utd,Anthony Martial,FRA,FW,23,1995,29.2,17,80,40,50.0,2.74,1.37,0.21,0.43,0,1,2019,shooting
ENG-Premier League,2019/20,Manchester Utd,Ashley Young,ENG,"DF,MF",34,1985,10.6,0,3,0,0.0,0.28,0.0,0.0,,0,0,2019,shooting
ENG-Premier League,2019/20,Manchester Utd,Axel Tuanzebe,COD,DF,21,1997,2.1,0,0,0,,0.0,0.0,,,0,0,2019,shooting
ENG-Premier League,2019/20,Manchester Utd,Brandon Williams,ENG,"DF,MF",18,2000,11.2,1,6,2,33.3,0.54,0.18,0.17,0.5,0,0,2019,shooting
ENG-Premier League,2019/20,Manchester Utd,Bruno Fernandes,POR,MF,24,1994,13.2,8,44,18,40.9,3.34,1.37,0.18,0.44,4,4,2019,shooting
ENG-Premier League,2019/20,Manchester Utd,Daniel James,WAL,"MF,FW",21,1997,25.4,3,42,20,47.6,1.65,0.79,0.07,0.15,0,0,2019,shooting
ENG-Premier League,2019/20,Manchester Utd,David de Gea,ESP,GK,28,1990,38.0,0,0,0,,0.0,0.0,,,0,0,2019,shooting
ENG-Premier League,2019/20,Manchester Utd,Diogo Dalot,POR,DF,20,1999,0.7,0,1,0,0.0,1.34,0.0,0.0,,0,0,2019,shooting
ENG-Premier League,2019/20,Manchester Utd,Eric Bailly,CIV,DF,25,1994,1.7,0,0,0,,0.0,0.0,,,0,0,2019,shooting
ENG-Premier League,2019/20,Manchester Utd,Fred,BRA,MF,26,1993,24.0,0,40,10,25.0,1.66,0.42,0.0,0.0,0,0,2019,shooting
ENG-Premier League,2019/20,Manchester Utd,Harry Maguire,ENG,DF,26,1993,38.0,1,31,8,25.8,0.82,0.21,0.03,0.13,0,0,2019,shooting
ENG-Premier League,2019/20,Manchester Utd,James Garner,ENG,MF,18,2001,0.1,0,0,0,,0.0,0.0,,,0,0,2019,shooting
ENG-Premier League,2019/20,Manchester Utd,Jesse Lingard,ENG,MF,26,1992,10.4,1,22,6,27.3,2.12,0.58,0.05,0.17,0,0,2019,shooting
ENG-Premier League,2019/20,Manchester Utd,Juan Mata,ESP,MF,31,1988,8.4,0,10,2,20.0,1.19,0.24,0.0,0.0,0,0,2019,shooting
ENG-Premier League,2019/20,Manchester Utd,Luke Shaw,ENG,DF,24,1995,19.3,0,11,5,45.5,0.57,0.26,0.0,0.0,0,0,2019,shooting
ENG-Premier League,2019/20,Manchester Utd,Marcos Rojo,ARG,DF,29,1990,1.4,0,1,0,0.0,0.74,0.0,0.0,,0,0,2019,shooting
ENG-Premier League,2019/20,Manchester Utd,Marcus Rashford,ENG,"MF,FW",21,1997,29.4,17,95,44,46.3,3.23,1.5,0.18,0.39,6,8,2019,shooting
ENG-Premier League,2019/20,Manchester Utd,Mason Greenwood,ENG,"MF,FW",17,2001,14.7,10,38,20,52.6,2.59,1.36,0.26,0.5,0,0,2019,shooting
ENG-Premier League,2019/20,Manchester Utd,Nemanja Matić,SRB,MF,30,1988,17.6,0,7,2,28.6,0.4,0.11,0.0,0.0,0,0,2019,shooting
ENG-Premier League,2019/20,Manchester Utd,Odion Ighalo,NGA,FW,30,1989,1.1,0,7,4,57.1,6.24,3.56,0.0,0.0,0,0,2019,shooting
ENG-Premier League,2019/20,Manchester Utd,Paul Pogba,FRA,MF,26,1993,13.4,1,22,8,36.4,1.64,0.6,0.05,0.13,0,1,2019,shooting
ENG-Premier League,2019/20,Manchester Utd,Phil Jones,ENG,DF,27,1992,1.5,0,2,1,50.0,1.33,0.67,0.0,0.0,0,0,2019,shooting
ENG-Premier League,2019/20,Manchester Utd,Scott McTominay,SCO,MF,22,1996,19.7,4,29,10,34.5,1.47,0.51,0.14,0.4,0,0,2019,shooting
ENG-Premier League,2019/20,Manchester Utd,Tahith Chong,CUW,"FW,MF",19,1999,0.4,0,1,0,0.0,2.43,0.0,0.0,,0,0,2019,shooting
ENG-Premier League,2019/20,Manchester Utd,Timothy Fosu-Mensah,NED,DF,21,1998,1.5,0,1,0,0.0,0.66,0.0,0.0,,0,0,2019,shooting
ENG-Premier League,2019/20,Manchester Utd,Victor Lindelöf,SWE,DF,25,1994,34.4,1,6,1,16.7,0.17,0.03,0.17,1.0,0,0,2019,shooting
ENG-Premier League,2019/20,Newcastle,Allan Saint-Maximin,FRA,MF,22,1997,20.7,3,46,21,45.7,2.22,1.01,0.07,0.14,0,0,2019,shooting
ENG-Premier League,2019/20,Newcastle,Andy Carroll,ENG,FW,30,1989,7.0,0,16,3,18.8,2.28,0.43,0.0,0.0,0,0,2019,shooting
ENG-Premier League,2019/20,Newcastle,Christian Atsu,GHA,MF,27,1992,8.3,0,5,1,20.0,0.6,0.12,0.0,0.0,0,0,2019,shooting
ENG-Premier League,2019/20,Newcastle,Ciaran Clark,IRL,DF,29,1989,13.2,2,6,4,66.7,0.46,0.3,0.33,0.5,0,0,2019,shooting
ENG-Premier League,2019/20,Newcastle,Danny Rose,ENG,DF,29,1990,9.6,0,0,0,,0.0,0.0,,,0,0,2019,shooting
ENG-Premier League,2019/20,Newcastle,DeAndre Yedlin,USA,"DF,MF",26,1993,10.4,1,1,1,100.0,0.1,0.1,1.0,1.0,0,0,2019,shooting
ENG-Premier League,2019/20,Newcastle,Dwight Gayle,ENG,FW,28,1990,9.4,4,23,10,43.5,2.44,1.06,0.17,0.4,0,0,2019,shooting
ENG-Premier League,2019/20,Newcastle,Emil Krafth,SWE,DF,24,1994,11.3,0,4,0,0.0,0.35,0.0,0.0,,0,0,2019,shooting
ENG-Premier League,2019/20,Newcastle,Fabian Schär,SUI,DF,27,1991,18.6,2,20,6,30.0,1.08,0.32,0.1,0.33,0,0,2019,shooting
ENG-Premier League,2019/20,Newcastle,Federico Fernández,ARG,DF,30,1989,29.1,2,14,6,42.9,0.48,0.21,0.14,0.33,0,0,2019,shooting
ENG-Premier League,2019/20,Newcastle,Florian Lejeune,FRA,DF,28,1991,4.9,2,4,3,75.0,0.81,0.61,0.5,0.67,0,0,2019,shooting
ENG-Premier League,2019/20,Newcastle,Isaac Hayden,JAM,MF,24,1995,24.7,1,18,3,16.7,0.73,0.12,0.06,0.33,0,0,2019,shooting
ENG-Premier League,2019/20,Newcastle,Jamaal Lascelles,ENG,DF,25,1993,23.1,1,8,2,25.0,0.35,0.09,0.13,0.5,0,0,2019,shooting
ENG-Premier League,2019/20,Newcastle,Javier Manquillo,ESP,"DF,MF",25,1994,17.8,0,1,0,0.0,0.06,0.0,0.0,,0,0,2019,shooting
ENG-Premier League,2019/20,Newcastle,Jetro Willems,NED,"DF,MF",25,1994,16.6,2,14,6,42.9,0.84,0.36,0.14,0.33,0,0,2019,shooting
ENG-Premier League,2019/20,Newcastle,Joelinton,BRA,"FW,MF",22,1996,29.8,2,50,15,30.0,1.68,0.5,0.04,0.13,0,0,2019,shooting
ENG-Premier League,2019/20,Newcastle,Jonjo Shelvey,ENG,MF,27,1992,23.5,6,45,14,31.1,1.91,0.59,0.13,0.43,0,0,2019,shooting
ENG-Premier League,2019/20,Newcastle,Kelland Watts,ENG,DF,19,1999,0.2,0,0,0,,0.0,0.0,,,0,0,2019,shooting
ENG-Premier League,2019/20,Newcastle,Ki Sung-yueng,KOR,MF,30,1989,1.5,0,0,0,,0.0,0.0,,,0,0,2019,shooting
ENG-Premier League,2019/20,Newcastle,Martin Dúbravka,SVK,GK,30,1989,38.0,0,0,0,,0.0,0.0,,,0,0,2019,shooting
ENG-Premier League,2019/20,Newcastle,Matt Ritchie,SCO,"MF,DF",29,1989,14.6,2,26,8,30.8,1.78,0.55,0.08,0.25,0,1,2019,shooting
ENG-Premier League,2019/20,Newcastle,Matthew Longstaff,ENG,MF,19,2000,6.4,2,4,2,50.0,0.63,0.31,0.5,1.0,0,0,2019,shooting
ENG-Premier League,2019/20,Newcastle,Miguel Almirón,PAR,"MF,FW",25,1994,33.6,4,55,17,30.9,1.64,0.51,0.07,0.24,0,0,2019,shooting
ENG-Premier League,2019/20,Newcastle,Nabil Bentaleb,ALG,MF,24,1994,8.3,0,4,0,0.0,0.48,0.0,0.0,,0,0,2019,shooting
ENG-Premier League,2019/20,Newcastle,Paul Dummett,WAL,DF,27,1991,13.6,0,1,1,100.0,0.07,0.07,0.0,0.0,0,0,2019,shooting
ENG-Premier League,2019/20,Newcastle,Sean Longstaff,ENG,MF,21,1997,15.3,1,25,7,28.0,1.63,0.46,0.04,0.14,0,0,2019,shooting
ENG-Premier League,2019/20,Newcastle,Valentino Lazaro,AUT,"MF,DF",23,1996,5.3,1,4,1,25.0,0.75,0.19,0.25,1.0,0,0,2019,shooting
ENG-Premier League,2019/20,Newcastle,Yoshinori Mutō,JPN,MF,27,1992,2.4,0,1,0,0.0,0.42,0.0,0.0,,0,0,2019,shooting
ENG-Premier League,2019/20,Norwich City,Adam Idah,IRL,FW,18,2001,2.5,0,6,2,33.3,2.37,0.79,0.0,0.0,0,0,2019,shooting
ENG-Premier League,2019/20,Norwich City,Akin Famewo,ENG,DF,20,1998,0.0,0,0,0,,0.0,0.0,,,0,0,2019,shooting
ENG-Premier League,2019/20,Norwich City,Alexander Tettey,NOR,"MF,DF",33,1986,26.0,1,23,4,17.4,0.89,0.15,0.04,0.25,0,0,2019,shooting
ENG-Premier League,2019/20,Norwich City,Ben Godfrey,ENG,DF,21,1998,29.4,0,15,6,40.0,0.51,0.2,0.0,0.0,0,0,2019,shooting
ENG-Premier League,2019/20,Norwich City,Christoph Zimmermann,GER,DF,26,1993,15.9,0,6,1,16.7,0.38,0.06,0.0,0.0,0,0,2019,shooting
ENG-Premier League,2019/20,Norwich City,Dennis Srbeny,GER,"FW,MF",25,1994,0.5,1,2,1,50.0,3.83,1.91,0.5,1.0,0,0,2019,shooting
ENG-Premier League,2019/20,Norwich City,Emi Buendía,ARG,MF,22,1996,27.4,1,40,11,27.5,1.46,0.4,0.03,0.09,0,0,2019,shooting
ENG-Premier League,2019/20,Norwich City,Grant Hanley,SCO,DF,27,1991,14.0,0,7,2,28.6,0.5,0.14,0.0,0.0,0,0,2019,shooting
ENG-Premier League,2019/20,Norwich City,Ibrahim Amadou,FRA,"DF,MF",26,1993,8.4,0,6,1,16.7,0.71,0.12,0.0,0.0,0,0,2019,shooting
ENG-Premier League,2019/20,Norwich City,Jamal Lewis,NIR,DF,21,1998,25.6,1,9,4,44.4,0.35,0.16,0.11,0.25,0,0,2019,shooting
ENG-Premier League,2019/20,Norwich City,Jordan Thomas,ENG,DF,18,2001,0.0,0,0,0,,0.0,0.0,,,0,0,2019,shooting
ENG-Premier League,2019/20,Norwich City,Josh Martin,ENG,MF,17,2001,0.4,0,1,1,100.0,2.43,2.43,0.0,0.0,0,0,2019,shooting
ENG-Premier League,2019/20,Norwich City,Josip Drmić,SUI,FW,26,1992,7.2,1,14,6,42.9,1.95,0.83,0.07,0.17,0,0,2019,shooting
ENG-Premier League,2019/20,Norwich City,Kenny McLean,SCO,MF,27,1992,33.0,1,30,10,33.3,0.91,0.3,0.03,0.1,0,0,2019,shooting
ENG-Premier League,2019/20,Norwich City,Lukas Rupp,GER,MF,28,1991,7.7,0,4,2,50.0,0.52,0.26,0.0,0.0,0,0,2019,shooting
ENG-Premier League,2019/20,Norwich City,Marco Stiepermann,GER,MF,28,1991,13.1,0,19,6,31.6,1.45,0.46,0.0,0.0,0,0,2019,shooting
ENG-Premier League,2019/20,Norwich City,Mario Vrančić,BIH,MF,30,1989,7.1,1,14,3,21.4,1.98,0.42,0.07,0.33,0,0,2019,shooting
ENG-Premier League,2019/20,Norwich City,Max Aarons,ENG,DF,19,2000,36.0,0,14,4,28.6,0.39,0.11,0.0,0.0,0,0,2019,shooting
ENG-Premier League,2019/20,Norwich City,Michael McGovern,NIR,GK,35,1984,1.8,0,0,0,,0.0,0.0,,,0,0,2019,shooting
ENG-Premier League,2019/20,Norwich City,Moritz Leitner,GER,MF,26,1992,7.6,0,8,0,0.0,1.05,0.0,0.0,,0,0,2019,shooting
ENG-Premier League,2019/20,Norwich City,Ondrej Duda,SVK,MF,24,1994,8.0,0,10,4,40.0,1.24,0.5,0.0,0.0,0,0,2019,shooting
ENG-Premier League,2019/20,Norwich City,Onel Hernández,CUB,MF,26,1993,15.4,1,29,8,27.6,1.89,0.52,0.03,0.13,0,0,2019,shooting
ENG-Premier League,2019/20,Norwich City,Patrick Roberts,ENG,"FW,MF",22,1997,0.3,0,0,0,,0.0,0.0,,,0,0,2019,shooting
ENG-Premier League,2019/20,Norwich City,Ralf Fährmann,GER,GK,30,1988,0.2,0,0,0,,0.0,0.0,,,0,0,2019,shooting
ENG-Premier League,2019/20,Norwich City,Sam Byram,ENG,DF,25,1993,14.4,0,15,2,13.3,1.04,0.14,0.0,0.0,0,0,2019,shooting
ENG-Premier League,2019/20,Norwich City,Teemu Pukki,FIN,FW,29,1990,32.1,11,80,35,43.8,2.49,1.09,0.14,0.31,2,2,2019,shooting
ENG-Premier League,2019/20,Norwich City,Tim Krul,NED,GK,31,1988,36.0,0,0,0,,0.0,0.0,,,0,0,2019,shooting
ENG-Premier League,2019/20,Norwich City,Timm Klose,SUI,DF,31,1988,6.5,0,3,0,0.0,0.46,0.0,0.0,,0,0,2019,shooting
ENG-Premier League,2019/20,Norwich City,Todd Cantwell,ENG,MF,21,1998,27.7,6,42,16,38.1,1.52,0.58,0.14,0.38,0,0,2019,shooting
ENG-Premier League,2019/20,Norwich City,Tom Trybull,GER,MF,26,1993,12.6,0,11,2,18.2,0.88,0.16,0.0,0.0,0,0,2019,shooting
ENG-Premier League,2019/20,Sheffield United,Ben Osborn,ENG,MF,24,1994,6.6,0,3,1,33.3,0.45,0.15,0.0,0.0,0,0,2019,shooting
ENG-Premier League,2019/20,Sheffield United,Billy Sharp,ENG,FW,33,1986,11.7,3,16,7,43.8,1.37,0.6,0.19,0.43,0,0,2019,shooting
ENG-Premier League,2019/20,Sheffield United,Callum Robinson,IRL,FW,24,1995,7.5,1,12,4,33.3,1.6,0.53,0.08,0.25,0,0,2019,shooting
ENG-Premier League,2019/20,Sheffield United,Chris Basham,ENG,DF,31,1988,36.0,0,6,0,0.0,0.17,0.0,0.0,,0,0,2019,shooting
ENG-Premier League,2019/20,Sheffield United,David McGoldrick,IRL,FW,31,1987,20.2,2,45,20,44.4,2.23,0.99,0.04,0.1,0,0,2019,shooting
ENG-Premier League,2019/20,Sheffield United,Dean Henderson,ENG,GK,22,1997,36.0,0,1,0,0.0,0.03,0.0,0.0,,0,0,2019,shooting
ENG-Premier League,2019/20,Sheffield United,Enda Stevens,IRL,MF,29,1990,37.2,2,22,4,18.2,0.59,0.11,0.09,0.5,0,0,2019,shooting
ENG-Premier League,2019/20,Sheffield United,George Baldock,GRE,MF,26,1993,38.0,2,13,5,38.5,0.34,0.13,0.15,0.4,0,0,2019,shooting
ENG-Premier League,2019/20,Sheffield United,Jack O'Connell,ENG,DF,25,1994,32.4,0,14,3,21.4,0.43,0.09,0.0,0.0,0,0,2019,shooting
ENG-Premier League,2019/20,Sheffield United,Jack Robinson,ENG,DF,25,1993,5.6,0,0,0,,0.0,0.0,,,0,0,2019,shooting
ENG-Premier League,2019/20,Sheffield United,Jack Rodwell,ENG,"DF,MF",28,1991,0.2,0,0,0,,0.0,0.0,,,0,0,2019,shooting
ENG-Premier League,2019/20,Sheffield United,John Egan,IRL,DF,26,1992,35.4,2,28,5,17.9,0.79,0.14,0.07,0.4,0,0,2019,shooting
ENG-Premier League,2019/20,Sheffield United,John Fleck,SCO,MF,27,1991,28.0,5,31,11,35.5,1.11,0.39,0.16,0.45,0,0,2019,shooting
ENG-Premier League,2019/20,Sheffield United,John Lundstram,ENG,MF,25,1994,27.3,5,44,11,25.0,1.61,0.4,0.11,0.45,0,0,2019,shooting
ENG-Premier League,2019/20,Sheffield United,Kieron Freeman,WAL,"DF,MF",27,1992,0.1,0,0,0,,0.0,0.0,,,0,0,2019,shooting
ENG-Premier League,2019/20,Sheffield United,Leon Clarke,ENG,FW,34,1985,0.4,0,1,0,0.0,2.57,0.0,0.0,,0,0,2019,shooting
ENG-Premier League,2019/20,Sheffield United,Luke Freeman,ENG,MF,27,1992,4.1,0,3,0,0.0,0.74,0.0,0.0,,0,0,2019,shooting
ENG-Premier League,2019/20,Sheffield United,Lys Mousset,FRA,FW,23,1996,13.8,6,37,9,24.3,2.69,0.65,0.16,0.67,0,0,2019,shooting
ENG-Premier League,2019/20,Sheffield United,Muhamed Bešić,BIH,MF,26,1992,2.8,0,4,2,50.0,1.44,0.72,0.0,0.0,0,0,2019,shooting
ENG-Premier League,2019/20,Sheffield United,Oliver McBurnie,SCO,FW,23,1996,23.5,6,50,25,50.0,2.13,1.06,0.12,0.24,0,0,2019,shooting
ENG-Premier League,2019/20,Sheffield United,Oliver Norwood,NIR,MF,28,1991,34.3,1,17,6,35.3,0.5,0.17,0.06,0.17,1,1,2019,shooting
ENG-Premier League,2019/20,Sheffield United,Phil Jagielka,ENG,DF,36,1982,2.7,0,0,0,,0.0,0.0,,,0,0,2019,shooting
ENG-Premier League,2019/20,Sheffield United,Ravel Morrison,JAM,MF,26,1993,0.1,0,1,0,0.0,6.92,0.0,0.0,,0,0,2019,shooting
ENG-Premier League,2019/20,Sheffield United,Richairo Živković,CUW,FW,22,1996,1.2,0,1,0,0.0,0.8,0.0,0.0,,0,0,2019,shooting
ENG-Premier League,2019/20,Sheffield United,Sander Berge,NOR,MF,21,1998,10.5,1,5,2,40.0,0.48,0.19,0.2,0.5,0,0,2019,shooting
ENG-Premier League,2019/20,Sheffield United,Simon Moore,ENG,GK,29,1990,2.0,0,0,0,,0.0,0.0,,,0,0,2019,shooting
ENG-Premier League,2019/20,Southampton,Alex McCarthy,ENG,GK,29,1989,28.0,0,0,0,,0.0,0.0,,,0,0,2019,shooting
ENG-Premier League,2019/20,Southampton,Angus Gunn,SCO,GK,23,1996,10.0,0,0,0,,0.0,0.0,,,0,0,2019,shooting
ENG-Premier League,2019/20,Southampton,Ché Adams,SCO,FW,23,1996,12.3,4,36,10,27.8,2.92,0.81,0.11,0.4,0,0,2019,shooting
ENG-Premier League,2019/20,Southampton,Cédric Soares,POR,"DF,MF",27,1991,14.5,0,9,4,44.4,0.62,0.28,0.0,0.0,0,0,2019,shooting
ENG-Premier League,2019/20,Southampton,Danny Ings,ENG,FW,27,1992,31.2,22,93,38,40.9,2.99,1.22,0.24,0.58,1,2,2019,shooting
ENG-Premier League,2019/20,Southampton,Jack Stephens,ENG,DF,25,1994,27.2,1,6,2,33.3,0.22,0.07,0.17,0.5,0,0,2019,shooting
ENG-Premier League,2019/20,Southampton,Jake Vokins,ENG,DF,19,2000,1.0,0,1,0,0.0,1.0,0.0,0.0,,0,0,2019,shooting
ENG-Premier League,2019/20,Southampton,James Ward-Prowse,ENG,MF,24,1994,38.0,5,57,26,45.6,1.5,0.68,0.09,0.19,1,3,2019,shooting
ENG-Premier League,2019/20,Southampton,Jan Bednarek,POL,DF,23,1996,34.0,1,7,1,14.3,0.21,0.03,0.14,1.0,0,0,2019,shooting
ENG-Premier League,2019/20,Southampton,Jannik Vestergaard,DEN,DF,26,1992,16.6,1,12,5,41.7,0.72,0.3,0.08,0.2,0,0,2019,shooting
ENG-Premier League,2019/20,Southampton,Kevin Danso,AUT,DF,20,1998,3.1,0,1,0,0.0,0.32,0.0,0.0,,0,0,2019,shooting
ENG-Premier League,2019/20,Southampton,Kyle Walker-Peters,ENG,DF,22,1997,7.8,0,2,0,0.0,0.26,0.0,0.0,,0,0,2019,shooting
ENG-Premier League,2019/20,Southampton,Maya Yoshida,JPN,DF,30,1988,6.2,0,5,3,60.0,0.8,0.48,0.0,0.0,0,0,2019,shooting
ENG-Premier League,2019/20,Southampton,Michael Obafemi,IRL,FW,19,2000,7.4,3,12,5,41.7,1.62,0.68,0.25,0.6,0,0,2019,shooting
ENG-Premier League,2019/20,Southampton,Moussa Djenepo,MLI,"MF,FW",21,1998,10.3,2,20,8,40.0,1.94,0.78,0.1,0.25,0,0,2019,shooting
ENG-Premier League,2019/20,Southampton,Nathan Redmond,ENG,"MF,FW",25,1994,30.7,4,59,21,35.6,1.92,0.68,0.07,0.19,0,0,2019,shooting
ENG-Premier League,2019/20,Southampton,Nathan Tella,NGA,"FW,MF",20,1999,0.0,0,1,1,100.0,30.0,30.0,0.0,0.0,0,0,2019,shooting
ENG-Premier League,2019/20,Southampton,Oriol Romeu,ESP,MF,27,1991,20.7,0,8,0,0.0,0.39,0.0,0.0,,0,0,2019,shooting
ENG-Premier League,2019/20,Southampton,Pierre Højbjerg,DEN,MF,23,1995,30.6,0,46,11,23.9,1.5,0.36,0.0,0.0,0,0,2019,shooting
ENG-Premier League,2019/20,Southampton,Ryan Bertrand,ENG,"DF,MF",29,1989,30.5,1,19,3,15.8,0.62,0.1,0.05,0.33,0,0,2019,shooting
ENG-Premier League,2019/20,Southampton,Shane Long,IRL,FW,32,1987,15.5,2,33,14,42.4,2.13,0.9,0.06,0.14,0,0,2019,shooting
ENG-Premier League,2019/20,Southampton,Sofiane Boufal,MAR,MF,25,1993,8.5,0,18,7,38.9,2.12,0.82,0.0,0.0,0,0,2019,shooting
ENG-Premier League,2019/20,Southampton,Stuart Armstrong,SCO,MF,27,1992,19.1,5,46,20,43.5,2.41,1.05,0.11,0.25,0,0,2019,shooting
ENG-Premier League,2019/20,Southampton,William Smallbone,IRL,MF,19,2000,4.4,0,6,0,0.0,1.37,0.0,0.0,,0,0,2019,shooting
ENG-Premier League,2019/20,Southampton,Yan Valery,TUN,"DF,MF",20,1999,8.7,0,3,2,66.7,0.35,0.23,0.0,0.0,0,0,2019,shooting
ENG-Premier League,2019/20,Tottenham,Ben Davies,WAL,DF,26,1993,15.9,0,7,1,14.3,0.44,0.06,0.0,0.0,0,0,2019,shooting
ENG-Premier League,2019/20,Tottenham,Christian Eriksen,DEN,"MF,FW",27,1992,12.2,2,26,9,34.6,2.13,0.74,0.08,0.22,0,0,2019,shooting
ENG-Premier League,2019/20,Tottenham,Danny Rose,ENG,"DF,MF",29,1990,9.9,0,2,0,0.0,0.2,0.0,0.0,,0,0,2019,shooting
ENG-Premier League,2019/20,Tottenham,Davinson Sánchez,COL,DF,23,1996,27.0,0,7,3,42.9,0.26,0.11,0.0,0.0,0,0,2019,shooting
ENG-Premier League,2019/20,Tottenham,Dele Alli,ENG,"MF,FW",23,1996,20.5,8,42,19,45.2,2.05,0.93,0.19,0.42,1,1,2019,shooting
ENG-Premier League,2019/20,Tottenham,Eric Dier,ENG,"DF,MF",25,1994,14.9,0,8,1,12.5,0.54,0.07,0.0,0.0,0,0,2019,shooting
ENG-Premier League,2019/20,Tottenham,Gedson Fernandes,POR,MF,20,1999,0.8,0,2,0,0.0,2.65,0.0,0.0,,0,0,2019,shooting
ENG-Premier League,2019/20,Tottenham,Georges-Kévin N'Koudou,CMR,"FW,MF",24,1995,0.0,0,1,0,0.0,30.0,0.0,0.0,,0,0,2019,shooting
ENG-Premier League,2019/20,Tottenham,Giovani Lo Celso,ARG,MF,23,1996,16.6,0,18,3,16.7,1.09,0.18,0.0,0.0,0,0,2019,shooting
ENG-Premier League,2019/20,Tottenham,Harry Kane,ENG,FW,26,1993,28.7,18,82,37,45.1,2.85,1.29,0.22,0.49,2,2,2019,shooting
ENG-Premier League,2019/20,Tottenham,Harry Winks,ENG,MF,23,1996,24.7,0,14,2,14.3,0.57,0.08,0.0,0.0,0,0,2019,shooting
ENG-Premier League,2019/20,Tottenham,Hugo Lloris,FRA,GK,32,1986,20.1,0,0,0,,0.0,0.0,,,0,0,2019,shooting
ENG-Premier League,2019/20,Tottenham,Jan Vertonghen,BEL,DF,32,1987,18.3,1,4,2,50.0,0.22,0.11,0.25,0.5,0,0,2019,shooting
ENG-Premier League,2019/20,Tottenham,Japhet Tanganga,ENG,"DF,MF",20,1999,5.8,0,3,1,33.3,0.51,0.17,0.0,0.0,0,0,2019,shooting
ENG-Premier League,2019/20,Tottenham,Juan Foyth,ARG,DF,21,1998,0.8,0,0,0,,0.0,0.0,,,0,0,2019,shooting
ENG-Premier League,2019/20,Tottenham,Kyle Walker-Peters,ENG,DF,22,1997,2.7,0,1,0,0.0,0.37,0.0,0.0,,0,0,2019,shooting
ENG-Premier League,2019/20,Tottenham,Lucas Moura,BRA,"MF,FW",26,1992,24.9,4,56,14,25.0,2.25,0.56,0.07,0.29,0,0,2019,shooting
ENG-Premier League,2019/20,Tottenham,Moussa Sissoko,FRA,MF,29,1989,27.2,2,15,4,26.7,0.55,0.15,0.13,0.5,0,0,2019,shooting
ENG-Premier League,2019/20,Tottenham,Oliver Skipp,ENG,MF,18,2000,0.9,0,0,0,,0.0,0.0,,,0,0,2019,shooting
ENG-Premier League,2019/20,Tottenham,Paulo Gazzaniga,ARG,GK,27,1992,17.9,0,0,0,,0.0,0.0,,,0,0,2019,shooting
ENG-Premier League,2019/20,Tottenham,Ryan Sessegnon,ENG,"MF,DF",19,2000,3.8,0,1,0,0.0,0.26,0.0,0.0,,0,0,2019,shooting
ENG-Premier League,2019/20,Tottenham,Serge Aurier,CIV,"DF,MF",26,1992,30.0,1,13,4,30.8,0.43,0.13,0.08,0.25,0,0,2019,shooting
ENG-Premier League,2019/20,Tottenham,Son Heung-min,KOR,"MF,FW",27,1992,27.5,11,81,38,46.9,2.94,1.38,0.14,0.29,0,1,2019,shooting
ENG-Premier League,2019/20,Tottenham,Steven Bergwijn,NED,"MF,FW",21,1997,7.8,3,9,4,44.4,1.15,0.51,0.33,0.75,0,0,2019,shooting
ENG-Premier League,2019/20,Tottenham,Tanguy Ndombele,FRA,MF,22,1996,11.2,2,9,4,44.4,0.8,0.36,0.22,0.5,0,0,2019,shooting
ENG-Premier League,2019/20,Tottenham,Toby Alderweireld,BEL,DF,30,1989,32.9,2,15,4,26.7,0.46,0.12,0.13,0.5,0,0,2019,shooting
ENG-Premier League,2019/20,Tottenham,Troy Parrott,IRL,FW,17,2002,0.1,0,0,0,,0.0,0.0,,,0,0,2019,shooting
ENG-Premier League,2019/20,Tottenham,Victor Wanyama,KEN,MF,28,1991,0.3,0,0,0,,0.0,0.0,,,0,0,2019,shooting
ENG-Premier League,2019/20,Tottenham,Érik Lamela,ARG,"MF,FW",27,1992,13.5,2,29,10,34.5,2.15,0.74,0.07,0.2,0,0,2019,shooting
ENG-Premier League,2019/20,Watford,Abdoulaye Doucouré,MLI,MF,26,1993,35.1,4,61,13,21.3,1.74,0.37,0.07,0.31,0,0,2019,shooting
ENG-Premier League,2019/20,Watford,Adam Masina,MAR,DF,25,1994,20.2,1,15,3,20.0,0.74,0.15,0.07,0.33,0,0,2019,shooting
ENG-Premier League,2019/20,Watford,Adrian Mariappa,JAM,DF,32,1986,16.8,0,3,0,0.0,0.18,0.0,0.0,,0,0,2019,shooting
ENG-Premier League,2019/20,Watford,Andre Gray,JAM,FW,28,1991,8.4,2,19,7,36.8,2.26,0.83,0.11,0.29,0,0,2019,shooting
ENG-Premier League,2019/20,Watford,Ben Foster,ENG,GK,36,1983,38.0,0,1,1,100.0,0.03,0.03,0.0,0.0,0,0,2019,shooting
ENG-Premier League,2019/20,Watford,Christian Kabasele,BEL,DF,28,1991,25.0,0,9,1,11.1,0.36,0.04,0.0,0.0,0,0,2019,shooting
ENG-Premier League,2019/20,Watford,Craig Cathcart,NIR,DF,30,1989,27.6,0,2,1,50.0,0.07,0.04,0.0,0.0,0,0,2019,shooting
ENG-Premier League,2019/20,Watford,Craig Dawson,ENG,DF,29,1990,26.2,2,26,7,26.9,0.99,0.27,0.08,0.29,0,0,2019,shooting
ENG-Premier League,2019/20,Watford,Danny Welbeck,ENG,"FW,MF",28,1990,9.1,2,22,9,40.9,2.41,0.99,0.09,0.22,0,0,2019,shooting
ENG-Premier League,2019/20,Watford,Daryl Janmaat,NED,"DF,MF",30,1989,6.7,0,4,0,0.0,0.59,0.0,0.0,,0,0,2019,shooting
ENG-Premier League,2019/20,Watford,Dimitri Foulquier,FRA,MF,26,1993,0.7,0,0,0,,0.0,0.0,,,0,0,2019,shooting
ENG-Premier League,2019/20,Watford,Domingos Quina,POR,MF,19,1999,0.2,0,1,1,100.0,4.09,4.09,0.0,0.0,0,0,2019,shooting
ENG-Premier League,2019/20,Watford,Gerard Deulofeu,ESP,"MF,FW",25,1994,23.3,4,64,21,32.8,2.75,0.9,0.06,0.19,1,1,2019,shooting
ENG-Premier League,2019/20,Watford,Ignacio Pussetto,ARG,"FW,MF",23,1995,0.8,0,0,0,,0.0,0.0,,,0,0,2019,shooting
ENG-Premier League,2019/20,Watford,Isaac Success,NGA,"FW,MF",23,1996,0.8,0,1,1,100.0,1.29,1.29,0.0,0.0,0,0,2019,shooting
ENG-Premier League,2019/20,Watford,Ismaila Sarr,SEN,MF,21,1998,22.5,5,44,13,29.5,1.95,0.58,0.11,0.38,0,0,2019,shooting
ENG-Premier League,2019/20,Watford,José Holebas,GRE,DF,35,1984,11.4,0,6,3,50.0,0.53,0.26,0.0,0.0,0,0,2019,shooting
ENG-Premier League,2019/20,Watford,João Pedro,BRA,"FW,MF",17,2001,0.3,0,1,0,0.0,3.6,0.0,0.0,,0,0,2019,shooting
ENG-Premier League,2019/20,Watford,Kiko Femenía,ESP,DF,28,1991,24.9,0,5,1,20.0,0.2,0.04,0.0,0.0,0,0,2019,shooting
ENG-Premier League,2019/20,Watford,Nathaniel Chalobah,ENG,MF,24,1994,10.3,0,9,0,0.0,0.87,0.0,0.0,,0,0,2019,shooting
ENG-Premier League,2019/20,Watford,Roberto Pereyra,ARG,"MF,FW",28,1991,18.3,3,21,9,42.9,1.15,0.49,0.14,0.33,1,1,2019,shooting
ENG-Premier League,2019/20,Watford,Sebastian Prödl,AUT,DF,32,1987,0.6,0,2,0,0.0,3.21,0.0,0.0,,0,0,2019,shooting
ENG-Premier League,2019/20,Watford,Tom Cleverley,ENG,MF,29,1989,10.8,1,17,5,29.4,1.58,0.46,0.06,0.2,0,0,2019,shooting
ENG-Premier League,2019/20,Watford,Troy Deeney,ENG,FW,31,1988,24.7,10,45,23,51.1,1.82,0.93,0.22,0.43,5,6,2019,shooting
ENG-Premier League,2019/20,Watford,Will Hughes,ENG,MF,24,1995,25.0,1,27,3,11.1,1.08,0.12,0.04,0.33,0,0,2019,shooting
ENG-Premier League,2019/20,Watford,Étienne Capoue,FRA,MF,31,1988,29.2,0,19,1,5.3,0.65,0.03,0.0,0.0,0,0,2019,shooting
ENG-Premier League,2019/20,West Ham,Aaron Cresswell,ENG,DF,29,1989,30.3,3,18,5,27.8,0.59,0.17,0.17,0.6,0,0,2019,shooting
ENG-Premier League,2019/20,West Ham,Albian Ajeti,SUI,FW,22,1997,1.5,0,3,0,0.0,1.94,0.0,0.0,,0,0,2019,shooting
ENG-Premier League,2019/20,West Ham,Andriy Yarmolenko,UKR,MF,29,1989,11.0,5,26,13,50.0,2.36,1.18,0.19,0.38,0,0,2019,shooting
ENG-Premier League,2019/20,West Ham,Angelo Ogbonna,ITA,DF,31,1988,31.0,2,13,4,30.8,0.42,0.13,0.15,0.5,0,0,2019,shooting
ENG-Premier League,2019/20,West Ham,Arthur Masuaku,COD,"DF,MF",25,1993,10.4,0,5,2,40.0,0.48,0.19,0.0,0.0,0,0,2019,shooting
ENG-Premier League,2019/20,West Ham,Ben Johnson,ENG,DF,19,2000,3.0,0,1,0,0.0,0.33,0.0,0.0,,0,0,2019,shooting
ENG-Premier League,2019/20,West Ham,Carlos Sánchez,COL,MF,33,1986,1.3,0,0,0,,0.0,0.0,,,0,0,2019,shooting
ENG-Premier League,2019/20,West Ham,Darren Randolph,IRL,GK,32,1987,2.0,0,0,0,,0.0,0.0,,,0,0,2019,shooting
ENG-Premier League,2019/20,West Ham,David Martin,ENG,GK,33,1986,4.8,0,0,0,,0.0,0.0,,,0,0,2019,shooting
ENG-Premier League,2019/20,West Ham,Declan Rice,ENG,MF,20,1999,38.0,1,31,9,29.0,0.82,0.24,0.03,0.11,0,0,2019,shooting
ENG-Premier League,2019/20,West Ham,Fabián Balbuena,PAR,DF,27,1991,13.1,1,10,4,40.0,0.76,0.31,0.1,0.25,0,0,2019,shooting
ENG-Premier League,2019/20,West Ham,Felipe Anderson,BRA,MF,26,1993,16.6,1,23,8,34.8,1.38,0.48,0.04,0.13,0,0,2019,shooting
ENG-Premier League,2019/20,West Ham,Issa Diop,MAR,DF,22,1997,30.7,3,15,7,46.7,0.49,0.23,0.2,0.43,0,0,2019,shooting
ENG-Premier League,2019/20,West Ham,Jack Wilshere,ENG,MF,27,1992,2.4,0,0,0,,0.0,0.0,,,0,0,2019,shooting
ENG-Premier League,2019/20,West Ham,Jarrod Bowen,ENG,MF,22,1996,10.2,1,24,7,29.2,2.36,0.69,0.04,0.14,0,0,2019,shooting
ENG-Premier League,2019/20,West Ham,Javier Hernández,MEX,FW,31,1988,1.2,1,3,2,66.7,2.52,1.68,0.33,0.5,0,0,2019,shooting
ENG-Premier League,2019/20,West Ham,Jeremy Ngakia,,DF,18,2000,4.9,0,1,1,100.0,0.2,0.2,0.0,0.0,0,0,2019,shooting
ENG-Premier League,2019/20,West Ham,Manuel Lanzini,ARG,MF,26,1993,15.3,0,23,7,30.4,1.5,0.46,0.0,0.0,0,0,2019,shooting
ENG-Premier League,2019/20,West Ham,Mark Noble,ENG,MF,32,1987,29.7,4,17,6,35.3,0.57,0.2,0.24,0.67,3,3,2019,shooting
ENG-Premier League,2019/20,West Ham,Michail Antonio,JAM,"FW,MF",29,1990,19.6,10,68,31,45.6,3.46,1.58,0.15,0.32,1,1,2019,shooting
ENG-Premier League,2019/20,West Ham,Nathan Holland,ENG,"FW,MF",21,1998,0.4,0,1,1,100.0,2.73,2.73,0.0,0.0,0,0,2019,shooting
ENG-Premier League,2019/20,West Ham,Pablo Fornals,ESP,MF,23,1996,24.1,2,36,11,30.6,1.49,0.46,0.06,0.18,0,0,2019,shooting
ENG-Premier League,2019/20,West Ham,Pablo Zabaleta,ARG,"DF,MF",34,1985,6.6,0,0,0,,0.0,0.0,,,0,0,2019,shooting
ENG-Premier League,2019/20,West Ham,Robert Snodgrass,SCO,MF,31,1987,16.8,5,21,10,47.6,1.25,0.6,0.24,0.5,0,0,2019,shooting
ENG-Premier League,2019/20,West Ham,Roberto,ESP,GK,33,1986,7.6,0,0,0,,0.0,0.0,,,0,0,2019,shooting
ENG-Premier League,2019/20,West Ham,Ryan Fredericks,ENG,DF,26,1992,24.9,0,3,0,0.0,0.12,0.0,0.0,,0,0,2019,shooting
ENG-Premier League,2019/20,West Ham,Sébastien Haller,CIV,FW,25,1994,25.2,7,56,27,48.2,2.22,1.07,0.13,0.26,0,0,2019,shooting
ENG-Premier League,2019/20,West Ham,Tomáš Souček,CZE,MF,24,1995,11.6,3,20,8,40.0,1.73,0.69,0.15,0.38,0,0,2019,shooting
ENG-Premier League,2019/20,West Ham,Łukasz Fabiański,POL,GK,34,1985,23.5,0,0,0,,0.0,0.0,,,0,0,2019,shooting
ENG-Premier League,2019/20,Wolves,Adama Traoré,ESP,"FW,MF",23,1996,28.9,4,43,12,27.9,1.49,0.41,0.09,0.33,0,0,2019,shooting
ENG-Premier League,2019/20,Wolves,Bruno Jordão,POR,MF,20,1998,0.1,0,0,0,,0.0,0.0,,,0,0,2019,shooting
ENG-Premier League,2019/20,Wolves,Conor Coady,ENG,DF,26,1993,38.0,0,0,0,,0.0,0.0,,,0,0,2019,shooting
ENG-Premier League,2019/20,Wolves,Daniel Podence,POR,FW,23,1995,3.2,1,10,3,30.0,3.11,0.93,0.1,0.33,0,0,2019,shooting
ENG-Premier League,2019/20,Wolves,Diogo Jota,POR,FW,22,1996,25.4,7,68,25,36.8,2.68,0.99,0.1,0.28,0,0,2019,shooting
ENG-Premier League,2019/20,Wolves,Jesús Vallejo,ESP,DF,22,1997,1.8,0,0,0,,0.0,0.0,,,0,0,2019,shooting
ENG-Premier League,2019/20,Wolves,Jonny Castro,ESP,MF,25,1994,32.1,2,19,5,26.3,0.59,0.16,0.11,0.4,0,0,2019,shooting
ENG-Premier League,2019/20,Wolves,João Moutinho,POR,MF,32,1986,34.5,1,22,6,27.3,0.64,0.17,0.05,0.17,0,0,2019,shooting
ENG-Premier League,2019/20,Wolves,Leander Dendoncker,BEL,"MF,DF",24,1995,31.1,4,19,5,26.3,0.61,0.16,0.21,0.8,0,0,2019,shooting
ENG-Premier League,2019/20,Wolves,Matt Doherty,IRL,MF,27,1992,31.5,4,34,16,47.1,1.08,0.51,0.12,0.25,0,0,2019,shooting
ENG-Premier League,2019/20,Wolves,Max Kilman,ENG,DF,22,1997,2.1,0,0,0,,0.0,0.0,,,0,0,2019,shooting
ENG-Premier League,2019/20,Wolves,Morgan Gibbs-White,ENG,MF,19,2000,1.4,0,2,0,0.0,1.4,0.0,0.0,,0,0,2019,shooting
ENG-Premier League,2019/20,Wolves,Patrick Cutrone,ITA,FW,21,1998,3.3,2,11,3,27.3,3.33,0.91,0.18,0.67,0,0,2019,shooting
ENG-Premier League,2019/20,Wolves,Pedro Neto,POR,"FW,MF",19,2000,10.4,3,17,6,35.3,1.63,0.58,0.18,0.5,0,0,2019,shooting
ENG-Premier League,2019/20,Wolves,Raúl Jiménez,MEX,FW,28,1991,36.0,17,118,43,36.4,3.28,1.2,0.14,0.4,4,4,2019,shooting
ENG-Premier League,2019/20,Wolves,Romain Saïss,MAR,DF,29,1990,30.1,2,23,8,34.8,0.77,0.27,0.09,0.25,0,0,2019,shooting
ENG-Premier League,2019/20,Wolves,Rui Patrício,POR,GK,31,1988,38.0,0,0,0,,0.0,0.0,,,0,0,2019,shooting
ENG-Premier League,2019/20,Wolves,Ryan Bennett,ENG,DF,29,1990,6.7,0,1,0,0.0,0.15,0.0,0.0,,0,0,2019,shooting
ENG-Premier League,2019/20,Wolves,Rúben Neves,POR,MF,22,1997,34.0,2,61,10,16.4,1.8,0.29,0.03,0.2,0,0,2019,shooting
ENG-Premier League,2019/20,Wolves,Rúben Vinagre,POR,MF,20,1999,7.2,0,5,0,0.0,0.69,0.0,0.0,,0,0,2019,shooting
ENG-Premier League,2019/20,Wolves,Willy Boly,CIV,DF,28,1991,22.0,0,5,3,60.0,0.23,0.14,0.0,0.0,0,0,2019,shooting
