league,season,team,player,nation,pos,age,born,Playing Time_MP,Playing Time_Min,Playing Time_Mn/MP,Playing Time_Min%,Playing Time_90s,Starts_Starts,Starts_Mn/Start,Starts_Compl,Subs_Subs,Subs_Mn/Sub,Subs_unSub,Team Success_PPM,Team Success_onG,Team Success_onGA,Team Success_+/-,Team Success_+/-90,Team Success_On-Off,season_start,stat_type
ENG-Premier League,2022/23,Arsenal,Aaron Ramsdale,ENG,GK,24,1998,38,3420,90,100.0,38.0,38,90,38,0,,0,2.21,88,43,45,1.18,,2022,playing_time
ENG-Premier League,2022/23,Arsenal,Albert Sambi Lokonga,BEL,MF,22,1999,6,198,33,5.8,2.2,2,82,1,4,9,12,2.5,3,3,0,0.0,-1.26,2022,playing_time
ENG-Premier League,2022/23,Arsenal,Amario Cozier-Duberry,ENG,"FW,MF",17,2005,0,,,,,0,,0,0,,5,,,,,,,2022,playing_time
ENG-Premier League,2022/23,Arsenal,Ben White,ENG,DF,24,1997,38,3055,80,89.3,33.9,36,83,21,2,27,0,2.21,81,35,46,1.36,1.6,2022,playing_time
ENG-Premier League,2022/23,Arsenal,Bukayo Saka,ENG,"FW,MF",20,2001,38,3181,84,93.0,35.3,37,85,23,1,31,0,2.21,79,42,37,1.05,-1.97,2022,playing_time
ENG-Premier League,2022/23,Arsenal,Cédric Soares,POR,"DF,MF",30,1991,2,29,15,0.8,0.3,0,,0,2,15,10,3.0,1,0,1,3.1,1.94,2022,playing_time
ENG-Premier League,2022/23,Arsenal,Eddie Nketiah,ENG,FW,23,1999,30,1089,36,31.8,12.1,9,90,8,21,13,3,2.07,26,16,10,0.83,-0.52,2022,playing_time
ENG-Premier League,2022/23,Arsenal,Emile Smith Rowe,ENG,MF,22,2000,12,172,14,5.0,1.9,0,,0,12,14,11,2.25,3,5,-2,-1.05,-2.35,2022,playing_time
ENG-Premier League,2022/23,Arsenal,Ethan Nwaneri,ENG,MF,15,2007,1,1,1,0.0,0.0,0,,0,1,1,0,3.0,0,0,0,0.0,-1.18,2022,playing_time
ENG-Premier League,2022/23,Arsenal,Fabio Vieira,POR,MF,22,2000,22,514,23,15.0,5.7,3,76,0,19,15,14,2.09,13,5,8,1.4,0.25,2022,playing_time
ENG-Premier League,2022/23,Arsenal,Gabriel Jesus,BRA,FW,25,1997,26,2064,79,60.4,22.9,24,84,11,2,20,0,2.23,53,23,30,1.31,0.31,2022,playing_time
ENG-Premier League,2022/23,Arsenal,Gabriel Magalhães,BRA,DF,24,1997,38,3409,90,99.7,37.9,38,90,36,0,,0,2.21,88,43,45,1.19,1.19,2022,playing_time
ENG-Premier League,2022/23,Arsenal,Gabriel Martinelli,BRA,"FW,MF",21,2001,36,2789,77,81.5,31.0,34,80,16,2,28,0,2.25,72,33,39,1.26,0.4,2022,playing_time
ENG-Premier League,2022/23,Arsenal,Granit Xhaka,SUI,MF,29,1992,37,2993,81,87.5,33.3,36,83,24,1,7,0,2.24,75,35,40,1.2,0.15,2022,playing_time
ENG-Premier League,2022/23,Arsenal,Jakub Kiwior,POL,DF,22,2000,7,427,61,12.5,4.7,5,82,3,2,8,11,1.86,10,6,4,0.84,-0.39,2022,playing_time
ENG-Premier League,2022/23,Arsenal,Jorginho,ITA,MF,30,1991,14,855,61,25.0,9.5,9,81,6,5,25,5,1.79,20,11,9,0.95,-0.32,2022,playing_time
ENG-Premier League,2022/23,Arsenal,Karl Jakob Hein,EST,GK,20,2002,0,,,,,0,,0,0,,1,,,,,,,2022,playing_time
ENG-Premier League,2022/23,Arsenal,Kieran Tierney,SCO,DF,25,1997,27,795,29,23.2,8.8,6,81,3,21,15,11,2.56,16,10,6,0.68,-0.66,2022,playing_time
ENG-Premier League,2022/23,Arsenal,Leandro Trossard,BEL,FW,27,1994,20,931,47,27.2,10.3,10,66,1,10,27,0,1.85,29,15,14,1.35,0.23,2022,playing_time
ENG-Premier League,2022/23,Arsenal,Lino Sousa,ENG,DF,17,2005,0,,,,,0,,0,0,,1,,,,,,,2022,playing_time
ENG-Premier League,2022/23,Arsenal,Marquinhos,BRA,MF,19,2003,1,1,1,0.0,0.0,0,,0,1,1,14,3.0,0,0,0,0.0,-1.18,2022,playing_time
ENG-Premier League,2022/23,Arsenal,Martin Ødegaard,NOR,MF,23,1998,37,3127,85,91.4,34.7,37,85,14,0,,0,2.19,81,38,43,1.24,0.62,2022,playing_time
ENG-Premier League,2022/23,Arsenal,Matt Turner,USA,GK,28,1994,0,,,,,0,,0,0,,37,,,,,,,2022,playing_time
ENG-Premier League,2022/23,Arsenal,Matthew Smith,ENG,MF,21,2000,0,,,,,0,,0,0,,3,,,,,,,2022,playing_time
ENG-Premier League,2022/23,Arsenal,Mauro Bandeira,POR,MF,18,2003,0,,,,,0,,0,0,,2,,,,,,,2022,playing_time
ENG-Premier League,2022/23,Arsenal,Mohamed Elneny,EGY,MF,30,1992,5,113,23,3.3,1.3,1,90,1,4,6,4,3.0,2,2,0,0.0,-1.22,2022,playing_time
ENG-Premier League,2022/23,Arsenal,Nathan Butler-Oyedeji,ENG,"FW,MF",19,2003,0,,,,,0,,0,0,,1,,,,,,,2022,playing_time
ENG-Premier League,2022/23,Arsenal,Nicolas Pépé,CIV,"FW,MF",27,1995,0,,,,,0,,0,0,,2,,,,,,,2022,playing_time
ENG-Premier League,2022/23,Arsenal,Oleksandr Zinchenko,UKR,DF,25,1996,27,2118,78,61.9,23.5,26,81,8,1,18,0,2.26,53,28,25,1.06,-0.32,2022,playing_time
ENG-Premier League,2022/23,Arsenal,Reiss Nelson,ENG,"FW,MF",22,1999,11,212,19,6.2,2.4,0,,0,11,19,11,2.09,10,3,7,2.97,1.91,2022,playing_time
ENG-Premier League,2022/23,Arsenal,Reuell Walters,ENG,DF,17,2004,0,,,,,0,,0,0,,8,,,,,,,2022,playing_time
ENG-Premier League,2022/23,Arsenal,Rob Holding,ENG,DF,26,1995,14,566,40,16.5,6.3,6,90,6,8,3,24,2.36,17,13,4,0.64,-0.66,2022,playing_time
ENG-Premier League,2022/23,Arsenal,Takehiro Tomiyasu,JPN,DF,23,1998,21,663,32,19.4,7.4,6,77,3,15,14,2,2.38,16,11,5,0.68,-0.63,2022,playing_time
ENG-Premier League,2022/23,Arsenal,Thomas Partey,GHA,MF,29,1993,33,2483,75,72.6,27.6,28,85,21,5,20,0,2.27,69,28,41,1.49,1.1,2022,playing_time
ENG-Premier League,2022/23,Arsenal,William Saliba,FRA,DF,21,2001,27,2415,89,70.6,26.8,27,89,26,0,,0,2.44,61,25,36,1.34,0.54,2022,playing_time
ENG-Premier League,2022/23,Aston Villa,Ashley Young,ENG,DF,37,1985,29,2036,70,59.5,22.6,23,82,15,6,25,9,1.69,27,28,-1,-0.04,-0.43,2022,playing_time
ENG-Premier League,2022/23,Aston Villa,Bertrand Traoré,BFA,MF,26,1995,8,233,29,6.8,2.6,1,45,0,7,27,8,1.75,6,1,5,1.93,1.93,2022,playing_time
ENG-Premier League,2022/23,Aston Villa,Boubacar Kamara,FRA,MF,22,1999,24,1777,74,52.0,19.7,21,83,14,3,14,0,1.63,28,30,-2,-0.1,-0.48,2022,playing_time
ENG-Premier League,2022/23,Aston Villa,Calum Chambers,ENG,DF,27,1995,14,353,25,10.3,3.9,2,90,2,12,14,22,2.07,4,4,0,0.0,-0.15,2022,playing_time
ENG-Premier League,2022/23,Aston Villa,Cameron Archer,ENG,"FW,MF",21,2001,6,49,8,1.4,0.5,0,,0,6,8,8,1.17,0,1,-1,-1.84,-2.0,2022,playing_time
ENG-Premier League,2022/23,Aston Villa,Danny Ings,ENG,FW,30,1992,18,824,46,24.1,9.2,8,80,3,10,19,1,1.33,9,13,-4,-0.44,-0.75,2022,playing_time
ENG-Premier League,2022/23,Aston Villa,Diego Carlos,BRA,DF,29,1993,3,205,68,6.0,2.3,2,90,1,1,26,11,1.0,2,3,-1,-0.44,-0.61,2022,playing_time
ENG-Premier League,2022/23,Aston Villa,Douglas Luiz,BRA,MF,24,1998,37,2927,79,85.6,32.5,33,86,23,4,23,1,1.57,46,33,13,0.4,1.86,2022,playing_time
ENG-Premier League,2022/23,Aston Villa,Emi Buendía,ARG,"MF,FW",25,1996,38,2412,63,70.5,26.8,27,79,8,11,26,0,1.61,40,34,6,0.22,0.31,2022,playing_time
ENG-Premier League,2022/23,Aston Villa,Emiliano Martínez,ARG,GK,29,1992,36,3139,87,91.8,34.9,36,87,34,0,,1,1.61,47,38,9,0.26,1.54,2022,playing_time
ENG-Premier League,2022/23,Aston Villa,Ezri Konsa,ENG,DF,24,1997,38,3322,87,97.1,36.9,37,90,36,1,1,0,1.61,49,45,4,0.11,-0.81,2022,playing_time
ENG-Premier League,2022/23,Aston Villa,Filip Marschall,ENG,GK,19,2003,0,,,,,0,,0,0,,1,,,,,,,2022,playing_time
ENG-Premier League,2022/23,Aston Villa,Jacob Ramsey,ENG,MF,21,2001,35,2636,75,77.1,29.3,31,82,16,4,26,0,1.63,40,33,7,0.24,0.47,2022,playing_time
ENG-Premier League,2022/23,Aston Villa,James Wright,ENG,GK,17,2004,0,,,,,0,,0,0,,1,,,,,,,2022,playing_time
ENG-Premier League,2022/23,Aston Villa,Jan Bednarek,POL,DF,26,1996,3,100,33,2.9,1.1,1,45,0,2,28,10,1.33,0,1,-1,-0.9,-1.06,2022,playing_time
ENG-Premier League,2022/23,Aston Villa,John McGinn,SCO,MF,27,1994,34,2693,79,78.7,29.9,30,86,22,4,26,1,1.59,36,31,5,0.17,0.17,2022,playing_time
ENG-Premier League,2022/23,Aston Villa,Jáder Durán,COL,FW,18,2003,12,136,11,4.0,1.5,0,,0,12,11,5,1.42,3,4,-1,-0.66,-0.83,2022,playing_time
ENG-Premier League,2022/23,Aston Villa,Kadan Young,ENG,MF,16,2006,0,,,,,0,,0,0,,5,,,,,,,2022,playing_time
ENG-Premier League,2022/23,Aston Villa,Lamare Bogarde,NED,"DF,MF",18,2004,0,,,,,0,,0,0,,3,,,,,,,2022,playing_time
ENG-Premier League,2022/23,Aston Villa,Leander Dendoncker,BEL,MF,27,1995,20,697,35,20.4,7.7,7,75,2,13,13,7,1.55,13,11,2,0.26,0.16,2022,playing_time
ENG-Premier League,2022/23,Aston Villa,Leon Bailey,JAM,"FW,MF",24,1997,33,1967,60,57.5,21.9,26,70,4,7,21,0,1.61,27,32,-5,-0.23,-0.85,2022,playing_time
ENG-Premier League,2022/23,Aston Villa,Lucas Digne,FRA,DF,29,1993,28,1502,54,43.9,16.7,18,75,10,10,15,4,1.46,22,25,-3,-0.18,-0.56,2022,playing_time
ENG-Premier League,2022/23,Aston Villa,Ludwig Augustinsson,SWE,DF,28,1994,3,77,26,2.3,0.9,1,44,0,2,17,9,1.67,1,0,1,1.17,1.06,2022,playing_time
ENG-Premier League,2022/23,Aston Villa,Marvelous Nakamba,ZIM,MF,28,1994,0,,,,,0,,0,0,,9,,,,,,,2022,playing_time
ENG-Premier League,2022/23,Aston Villa,Matty Cash,POL,DF,24,1997,26,1820,70,53.2,20.2,20,85,15,6,21,1,1.46,28,29,-1,-0.05,-0.39,2022,playing_time
ENG-Premier League,2022/23,Aston Villa,Morgan Sanson,FRA,MF,27,1994,2,11,6,0.3,0.1,0,,0,2,6,11,3.0,0,1,-1,-8.18,-8.34,2022,playing_time
ENG-Premier League,2022/23,Aston Villa,Oliwier Zych,POL,GK,18,2004,0,,,,,0,,0,0,,2,,,,,,,2022,playing_time
ENG-Premier League,2022/23,Aston Villa,Ollie Watkins,ENG,FW,26,1995,37,3127,85,91.4,34.7,36,86,26,1,25,0,1.57,47,40,7,0.2,0.82,2022,playing_time
ENG-Premier League,2022/23,Aston Villa,Philippe Coutinho,BRA,"FW,MF",30,1992,20,788,39,23.0,8.8,7,72,1,13,22,2,1.1,9,9,0,0.0,-0.17,2022,playing_time
ENG-Premier League,2022/23,Aston Villa,Robin Olsen,SWE,GK,32,1990,4,281,70,8.2,3.1,2,90,2,2,51,30,1.0,4,8,-4,-1.28,-1.54,2022,playing_time
ENG-Premier League,2022/23,Aston Villa,Seb Revan,ENG,"DF,MF",19,2003,0,,,,,0,,0,0,,7,,,,,,,2022,playing_time
ENG-Premier League,2022/23,Aston Villa,Sil Swinkels,NED,DF,18,2004,0,,,,,0,,0,0,,1,,,,,,,2022,playing_time
ENG-Premier League,2022/23,Aston Villa,Tim Iroegbunam,ENG,MF,19,2003,0,,,,,0,,0,0,,2,,,,,,,2022,playing_time
ENG-Premier League,2022/23,Aston Villa,Tommi O'Reilly,ENG,MF,18,2003,0,,,,,0,,0,0,,2,,,,,,,2022,playing_time
ENG-Premier League,2022/23,Aston Villa,Travis Patterson,ENG,DF,16,2005,0,,,,,0,,0,0,,3,,,,,,,2022,playing_time
ENG-Premier League,2022/23,Aston Villa,Tyrone Mings,ENG,DF,29,1993,35,3150,90,92.1,35.0,35,90,35,0,,1,1.74,50,40,10,0.29,1.95,2022,playing_time
ENG-Premier League,2022/23,Aston Villa,Viljami Sinisalo,FIN,GK,20,2001,0,,,,,0,,0,0,,15,,,,,,,2022,playing_time
ENG-Premier League,2022/23,Aston Villa,Álex Moreno,ESP,DF,29,1993,19,1329,70,38.9,14.8,14,81,5,5,40,0,1.89,23,10,13,0.88,1.22,2022,playing_time
ENG-Premier League,2022/23,Bournemouth,Adam Smith,ENG,DF,31,1991,37,2943,80,86.1,32.7,34,84,25,3,29,0,1.05,34,59,-25,-0.76,0.93,2022,playing_time
ENG-Premier League,2022/23,Bournemouth,Antoine Semenyo,GHA,"MF,FW",22,2000,11,258,23,7.5,2.9,2,77,1,9,12,4,1.45,3,6,-3,-1.05,-0.16,2022,playing_time
ENG-Premier League,2022/23,Bournemouth,Ben Greenwood,IRL,DF,19,2003,0,,,,,0,,0,0,,1,,,,,,,2022,playing_time
ENG-Premier League,2022/23,Bournemouth,Ben Pearson,ENG,MF,27,1995,7,286,41,8.4,3.2,3,69,1,4,20,7,1.0,1,10,-9,-2.83,-2.11,2022,playing_time
ENG-Premier League,2022/23,Bournemouth,Cameron Plain,ENG,GK,20,2001,0,,,,,0,,0,0,,6,,,,,,,2022,playing_time
ENG-Premier League,2022/23,Bournemouth,Chris Mepham,WAL,DF,24,1997,26,2199,85,64.3,24.4,24,90,23,2,24,7,1.0,23,52,-29,-1.19,-0.82,2022,playing_time
ENG-Premier League,2022/23,Bournemouth,Christian Saydee,LBR,"FW,MF",20,2002,0,,,,,0,,0,0,,1,,,,,,,2022,playing_time
ENG-Premier League,2022/23,Bournemouth,Dango Ouattara,BFA,MF,20,2002,19,1241,65,36.3,13.8,15,78,7,4,17,0,1.21,13,23,-10,-0.73,0.27,2022,playing_time
ENG-Premier League,2022/23,Bournemouth,Daniel Adu-Adjei,ENG,FW,17,2005,0,,,,,0,,0,0,,3,,,,,,,2022,playing_time
ENG-Premier League,2022/23,Bournemouth,Darren Randolph,IRL,GK,35,1987,0,,,,,0,,0,0,,3,,,,,,,2022,playing_time
ENG-Premier League,2022/23,Bournemouth,David Brooks,WAL,MF,25,1997,6,173,29,5.1,1.9,2,55,0,4,16,5,0.0,0,4,-4,-2.08,-1.25,2022,playing_time
ENG-Premier League,2022/23,Bournemouth,Dominic Sadi,ENG,MF,18,2003,0,,,,,0,,0,0,,4,,,,,,,2022,playing_time
ENG-Premier League,2022/23,Bournemouth,Dominic Solanke,ENG,FW,24,1997,33,2860,87,83.6,31.8,32,88,19,1,45,0,1.15,35,52,-17,-0.53,2.2,2022,playing_time
ENG-Premier League,2022/23,Bournemouth,Emiliano Marcondes,DEN,"FW,MF",27,1995,1,9,9,0.3,0.1,0,,0,1,9,9,0.0,0,1,-1,-10.0,-9.13,2022,playing_time
ENG-Premier League,2022/23,Bournemouth,Euan Pollock,ENG,FW,19,2002,0,,,,,0,,0,0,,3,,,,,,,2022,playing_time
ENG-Premier League,2022/23,Bournemouth,Hamed Junior Traorè,CIV,MF,22,2000,7,427,61,12.5,4.7,5,75,1,2,26,0,1.0,3,8,-5,-1.05,-0.18,2022,playing_time
ENG-Premier League,2022/23,Bournemouth,Illia Zabarnyi,UKR,DF,19,2002,5,299,60,8.7,3.3,3,90,3,2,15,6,0.6,0,5,-5,-1.51,-0.67,2022,playing_time
ENG-Premier League,2022/23,Bournemouth,Jack Stacey,ENG,"DF,MF",26,1996,10,299,30,8.7,3.3,3,75,2,7,11,17,1.1,1,10,-9,-2.71,-1.99,2022,playing_time
ENG-Premier League,2022/23,Bournemouth,Jack Stephens,ENG,DF,28,1994,15,1173,78,34.3,13.0,13,90,13,2,2,15,1.4,16,22,-6,-0.46,0.66,2022,playing_time
ENG-Premier League,2022/23,Bournemouth,Jaidon Anthony,ENG,MF,22,1999,30,1257,42,36.8,14.0,11,76,4,19,22,8,0.97,9,29,-20,-1.43,-0.85,2022,playing_time
ENG-Premier League,2022/23,Bournemouth,Jamal Lowe,JAM,"FW,MF",28,1994,2,12,6,0.4,0.1,0,,0,2,6,8,0.0,0,0,0,0.0,0.9,2022,playing_time
ENG-Premier League,2022/23,Bournemouth,James Hill,ENG,DF,20,2002,0,,,,,0,,0,0,,6,,,,,,,2022,playing_time
ENG-Premier League,2022/23,Bournemouth,Jefferson Lerma,COL,MF,27,1994,37,3252,88,95.1,36.1,37,88,33,0,,0,1.05,34,67,-33,-0.91,-0.38,2022,playing_time
ENG-Premier League,2022/23,Bournemouth,Joe Rothwell,ENG,MF,27,1995,20,1016,51,29.7,11.3,12,71,3,8,20,7,1.1,16,15,1,0.09,1.4,2022,playing_time
ENG-Premier League,2022/23,Bournemouth,Jordan Zemura,ZIM,"DF,MF",22,1999,19,1454,77,42.5,16.2,17,83,12,2,23,5,0.95,14,31,-17,-1.05,-0.27,2022,playing_time
ENG-Premier League,2022/23,Bournemouth,Junior Stanislas,ENG,MF,32,1989,4,61,15,1.8,0.7,0,,0,4,15,5,0.75,0,1,-1,-1.48,-0.59,2022,playing_time
ENG-Premier League,2022/23,Bournemouth,Kieffer Moore,WAL,FW,29,1992,27,1279,47,37.4,14.2,12,86,8,15,17,8,0.85,11,33,-22,-1.55,-1.04,2022,playing_time
ENG-Premier League,2022/23,Bournemouth,Lewis Cook,ENG,MF,25,1997,28,1720,61,50.3,19.1,18,84,14,10,21,5,0.89,18,39,-21,-1.1,-0.41,2022,playing_time
ENG-Premier League,2022/23,Bournemouth,Lloyd Kelly,ENG,DF,23,1998,23,2040,89,59.6,22.7,23,89,22,0,,0,1.13,19,38,-19,-0.84,0.14,2022,playing_time
ENG-Premier League,2022/23,Bournemouth,Marcos Senesi,ARG,DF,25,1997,31,2491,80,72.8,27.7,29,85,22,2,12,5,0.9,28,55,-27,-0.98,-0.3,2022,playing_time
ENG-Premier League,2022/23,Bournemouth,Marcus Tavernier,ENG,MF,23,1999,23,1743,76,51.0,19.4,19,83,10,4,40,0,1.39,25,37,-12,-0.62,0.56,2022,playing_time
ENG-Premier League,2022/23,Bournemouth,Mark Travers,IRL,GK,23,1999,12,1035,86,30.3,11.5,11,90,11,1,45,26,0.5,10,32,-22,-1.91,-1.46,2022,playing_time
ENG-Premier League,2022/23,Bournemouth,Matías Viña,URU,"DF,MF",24,1997,12,458,38,13.4,5.1,5,70,2,7,16,4,1.25,5,10,-5,-0.98,-0.1,2022,playing_time
ENG-Premier League,2022/23,Bournemouth,Maxwell Wellings,ENG,DF,17,2005,0,,,,,0,,0,0,,1,,,,,,,2022,playing_time
ENG-Premier League,2022/23,Bournemouth,Michael DaCosta,ESP,FW,17,2005,0,,,,,0,,0,0,,1,,,,,,,2022,playing_time
ENG-Premier League,2022/23,Bournemouth,Neto,BRA,GK,33,1989,27,2385,88,69.7,26.5,27,88,26,0,,3,1.22,27,39,-12,-0.45,1.46,2022,playing_time
ENG-Premier League,2022/23,Bournemouth,Owen Bevan,WAL,DF,18,2003,1,9,9,0.3,0.1,0,,0,1,9,0,0.0,0,1,-1,-10.0,-9.13,2022,playing_time
ENG-Premier League,2022/23,Bournemouth,Philip Billing,DEN,"MF,FW",26,1996,36,2764,77,80.8,30.7,34,79,11,2,36,0,1.06,32,53,-21,-0.68,1.1,2022,playing_time
ENG-Premier League,2022/23,Bournemouth,Ryan Christie,SCO,MF,27,1995,32,1834,57,53.6,20.4,22,74,5,10,20,6,1.09,19,36,-17,-0.83,0.13,2022,playing_time
ENG-Premier League,2022/23,Bournemouth,Ryan Fredericks,ENG,DF,29,1992,12,533,44,15.6,5.9,5,74,1,7,23,2,1.0,11,11,0,0.0,1.06,2022,playing_time
ENG-Premier League,2022/23,Bournemouth,Siriki Dembélé,CIV,"FW,MF",25,1996,6,110,18,3.2,1.2,0,,0,6,18,9,0.17,0,2,-2,-1.64,-0.77,2022,playing_time
ENG-Premier League,2022/23,Bournemouth,Will Dennis,ENG,GK,22,2000,0,,,,,0,,0,0,,1,,,,,,,2022,playing_time
ENG-Premier League,2022/23,Brentford,Aaron Hickey,SCO,DF,20,2002,26,1916,74,56.0,21.3,23,81,8,3,16,2,1.46,33,30,3,0.14,-0.4,2022,playing_time
ENG-Premier League,2022/23,Brentford,Ben Mee,ENG,DF,32,1989,37,3269,88,95.6,36.3,37,88,34,0,,1,1.59,56,40,16,0.44,2.82,2022,playing_time
ENG-Premier League,2022/23,Brentford,Bryan Mbeumo,CMR,FW,22,1999,38,2906,76,85.0,32.3,36,79,10,2,24,0,1.55,50,39,11,0.34,0.17,2022,playing_time
ENG-Premier League,2022/23,Brentford,Charlie Goode,ENG,DF,26,1995,0,,,,,0,,0,0,,1,,,,,,,2022,playing_time
ENG-Premier League,2022/23,Brentford,Christian Nørgaard,DEN,MF,28,1994,22,1763,80,51.5,19.6,21,83,12,1,29,0,1.5,31,23,8,0.41,0.19,2022,playing_time
ENG-Premier League,2022/23,Brentford,David Raya,ESP,GK,26,1995,38,3420,90,100.0,38.0,38,90,38,0,,0,1.55,58,46,12,0.32,,2022,playing_time
ENG-Premier League,2022/23,Brentford,Ethan Pinnock,JAM,DF,29,1993,30,2700,90,78.9,30.0,30,90,30,0,,0,1.63,43,34,9,0.3,-0.07,2022,playing_time
ENG-Premier League,2022/23,Brentford,Finley Stevens,WAL,DF,19,2003,0,,,,,0,,0,0,,9,,,,,,,2022,playing_time
ENG-Premier League,2022/23,Brentford,Frank Onyeka,NGA,MF,24,1998,21,848,40,24.8,9.4,8,65,0,13,25,6,1.71,12,11,1,0.11,-0.28,2022,playing_time
ENG-Premier League,2022/23,Brentford,Halil Dervişoğlu,TUR,FW,22,1999,1,8,8,0.2,0.1,0,,0,1,8,1,1.0,1,0,1,11.25,10.96,2022,playing_time
ENG-Premier League,2022/23,Brentford,Ivan Toney,ENG,FW,26,1996,33,2951,89,86.3,32.8,33,89,29,0,,0,1.39,47,42,5,0.15,-1.19,2022,playing_time
ENG-Premier League,2022/23,Brentford,Josh Dasilva,ENG,MF,23,1998,36,1389,39,40.6,15.4,14,68,0,22,20,2,1.47,28,17,11,0.71,0.67,2022,playing_time
ENG-Premier League,2022/23,Brentford,Keane Lewis-Potter,ENG,FW,21,2001,10,321,32,9.4,3.6,3,61,0,7,20,9,1.5,10,4,6,1.68,1.51,2022,playing_time
ENG-Premier League,2022/23,Brentford,Kevin Schade,GER,FW,20,2001,18,732,41,21.4,8.1,7,75,1,11,19,2,1.72,11,7,4,0.49,0.22,2022,playing_time
ENG-Premier League,2022/23,Brentford,Kristoffer Ajer,NOR,DF,24,1998,9,763,85,22.3,8.5,9,85,6,0,,10,1.11,7,14,-7,-0.83,-1.47,2022,playing_time
ENG-Premier League,2022/23,Brentford,Mads Bech Sørensen,DEN,DF,23,1999,4,21,5,0.6,0.2,0,,0,4,5,3,2.0,1,0,1,4.29,3.99,2022,playing_time
ENG-Premier League,2022/23,Brentford,Mads Roerslev,DEN,"MF,DF",23,1999,20,1108,55,32.4,12.3,12,85,10,8,11,15,2.1,20,12,8,0.65,0.49,2022,playing_time
ENG-Premier League,2022/23,Brentford,Mathias Jensen,DEN,MF,26,1996,37,2803,76,82.0,31.1,37,76,10,0,,0,1.51,45,40,5,0.16,-0.86,2022,playing_time
ENG-Premier League,2022/23,Brentford,Mathias Jørgensen,DEN,DF,32,1990,18,1103,61,32.3,12.3,11,85,9,7,24,15,1.83,17,15,2,0.16,-0.23,2022,playing_time
ENG-Premier League,2022/23,Brentford,Matthew Cox,ENG,GK,19,2003,0,,,,,0,,0,0,,21,,,,,,,2022,playing_time
ENG-Premier League,2022/23,Brentford,Michael Olakigbe,ENG,MF,18,2004,0,,,,,0,,0,0,,1,,,,,,,2022,playing_time
ENG-Premier League,2022/23,Brentford,Mikkel Damsgaard,DEN,"MF,FW",22,2000,26,988,38,28.9,11.0,9,66,0,17,23,9,1.5,19,14,5,0.46,0.2,2022,playing_time
ENG-Premier League,2022/23,Brentford,Pontus Jansson,SWE,DF,31,1991,12,724,60,21.2,8.0,9,79,7,3,5,3,1.33,17,14,3,0.37,0.07,2022,playing_time
ENG-Premier League,2022/23,Brentford,Rico Henry,JAM,"DF,MF",25,1997,37,3238,88,94.7,36.0,37,88,29,0,,0,1.51,53,46,7,0.19,-2.28,2022,playing_time
ENG-Premier League,2022/23,Brentford,Ryan Trevitt,ENG,MF,19,2003,0,,,,,0,,0,0,,6,,,,,,,2022,playing_time
ENG-Premier League,2022/23,Brentford,Saman Ghoddos,IRN,"FW,MF",28,1993,15,139,9,4.1,1.5,0,,0,15,9,19,1.53,3,5,-2,-1.29,-1.68,2022,playing_time
ENG-Premier League,2022/23,Brentford,Sergi Canós,ESP,"FW,MF",25,1997,5,77,15,2.3,0.9,0,,0,5,15,7,1.6,0,2,-2,-2.34,-2.71,2022,playing_time
ENG-Premier League,2022/23,Brentford,Shandon Baptiste,GRN,MF,24,1998,23,618,27,18.1,6.9,4,68,0,19,18,5,1.35,12,6,6,0.87,0.68,2022,playing_time
ENG-Premier League,2022/23,Brentford,Thomas Strakosha,ALB,GK,27,1995,0,,,,,0,,0,0,,17,,,,,,,2022,playing_time
ENG-Premier League,2022/23,Brentford,Tristan Crama,FRA,DF,20,2001,0,,,,,0,,0,0,,4,,,,,,,2022,playing_time
ENG-Premier League,2022/23,Brentford,Vitaly Janelt,GER,MF,24,1998,35,2208,63,64.6,24.5,24,80,13,11,26,0,1.63,34,28,6,0.24,-0.2,2022,playing_time
ENG-Premier League,2022/23,Brentford,Yehor Yarmoliuk,UKR,MF,18,2004,0,,,,,0,,0,0,,3,,,,,,,2022,playing_time
ENG-Premier League,2022/23,Brentford,Yoane Wissa,COD,FW,25,1996,38,1606,42,47.0,17.8,16,75,1,22,19,0,1.55,30,17,13,0.73,0.78,2022,playing_time
ENG-Premier League,2022/23,Brighton,Adam Lallana,ENG,MF,34,1988,16,722,45,21.1,8.0,12,55,0,4,15,0,1.56,16,10,6,0.75,0.31,2022,playing_time
ENG-Premier League,2022/23,Brighton,Adam Webster,ENG,DF,27,1995,27,1985,74,58.0,22.1,23,85,17,4,7,4,1.74,41,27,14,0.63,0.32,2022,playing_time
ENG-Premier League,2022/23,Brighton,Alexis Mac Allister,ARG,MF,23,1998,35,2886,82,84.4,32.1,31,89,27,4,32,0,1.6,54,45,9,0.28,-1.4,2022,playing_time
ENG-Premier League,2022/23,Brighton,Andrew Moran,IRL,MF,18,2003,1,12,12,0.4,0.1,0,,0,1,12,12,3.0,0,1,-1,-7.5,-8.03,2022,playing_time
ENG-Premier League,2022/23,Brighton,Billy Gilmour,SCO,MF,21,2001,14,507,36,14.8,5.6,7,68,2,7,5,16,1.79,14,8,6,1.07,0.66,2022,playing_time
ENG-Premier League,2022/23,Brighton,Cameron Peupion,AUS,MF,19,2002,1,6,6,0.2,0.1,0,,0,1,6,4,0.0,0,2,-2,-30.0,-30.55,2022,playing_time
ENG-Premier League,2022/23,Brighton,Danny Welbeck,ENG,FW,31,1990,31,1854,60,54.2,20.6,21,76,7,10,26,1,1.68,36,28,8,0.39,-0.24,2022,playing_time
ENG-Premier League,2022/23,Brighton,Deniz Undav,GER,"MF,FW",26,1996,22,628,29,18.4,7.0,6,71,0,16,13,14,1.41,14,9,5,0.72,0.27,2022,playing_time
ENG-Premier League,2022/23,Brighton,Ed Turns,WAL,DF,19,2002,0,,,,,0,,0,0,,6,,,,,,,2022,playing_time
ENG-Premier League,2022/23,Brighton,Enock Mwepu,ZAM,"MF,FW",24,1998,6,213,36,6.2,2.4,2,73,0,4,17,0,2.17,5,4,1,0.42,-0.08,2022,playing_time
ENG-Premier League,2022/23,Brighton,Evan Ferguson,IRL,FW,17,2004,19,950,50,27.8,10.6,10,70,1,9,28,2,1.63,21,12,9,0.85,0.49,2022,playing_time
ENG-Premier League,2022/23,Brighton,Facundo Buonanotte,ARG,MF,17,2004,13,565,43,16.5,6.3,6,69,1,7,22,6,1.54,11,12,-1,-0.16,-0.79,2022,playing_time
ENG-Premier League,2022/23,Brighton,Imari Samuels,ENG,DF,19,2003,0,,,,,0,,0,0,,1,,,,,,,2022,playing_time
ENG-Premier League,2022/23,Brighton,Jack Hinshelwood,ENG,"DF,MF",17,2005,1,2,2,0.1,0.0,0,,0,1,2,2,0.0,0,0,0,0.0,-0.5,2022,playing_time
ENG-Premier League,2022/23,Brighton,James Furlong,IRL,"DF,MF",20,2002,0,,,,,0,,0,0,,1,,,,,,,2022,playing_time
ENG-Premier League,2022/23,Brighton,Jan Paul van Hecke,NED,DF,22,2000,8,295,37,8.6,3.3,3,86,2,5,8,24,1.5,3,7,-4,-1.22,-1.88,2022,playing_time
ENG-Premier League,2022/23,Brighton,Jason Steele,ENG,GK,31,1990,15,1350,90,39.5,15.0,15,90,15,0,,22,1.6,31,23,8,0.53,0.06,2022,playing_time
ENG-Premier League,2022/23,Brighton,Jeremy Sarmiento,ECU,MF,20,2002,9,176,20,5.1,2.0,1,61,0,8,14,11,2.33,9,2,7,3.58,3.25,2022,playing_time
ENG-Premier League,2022/23,Brighton,Joël Veltman,NED,DF,30,1992,31,2188,71,64.0,24.3,25,79,14,6,35,2,1.71,47,29,18,0.74,0.67,2022,playing_time
ENG-Premier League,2022/23,Brighton,Julio Enciso,PAR,"MF,FW",18,2004,20,806,40,23.6,9.0,7,67,1,13,26,11,1.75,21,12,9,1.0,0.66,2022,playing_time
ENG-Premier League,2022/23,Brighton,Kaoru Mitoma,JPN,MF,25,1997,33,2318,70,67.8,25.8,24,88,16,9,24,2,1.67,48,35,13,0.5,0.01,2022,playing_time
ENG-Premier League,2022/23,Brighton,Leandro Trossard,BEL,"MF,FW",27,1994,16,1315,82,38.5,14.6,16,82,5,0,,1,1.5,23,23,0,0.0,-0.81,2022,playing_time
ENG-Premier League,2022/23,Brighton,Levi Colwill,ENG,DF,19,2003,17,1220,72,35.7,13.6,13,88,11,4,19,11,1.71,29,21,8,0.59,0.14,2022,playing_time
ENG-Premier League,2022/23,Brighton,Lewis Dunk,ENG,DF,30,1991,36,3239,90,94.7,36.0,36,90,35,0,,2,1.69,70,50,20,0.56,1.05,2022,playing_time
ENG-Premier League,2022/23,Brighton,Moisés Caicedo,ECU,MF,20,2001,37,3139,85,91.8,34.9,34,89,30,3,35,0,1.68,62,47,15,0.43,-0.85,2022,playing_time
ENG-Premier League,2022/23,Brighton,Neal Maupay,FRA,"FW,MF",25,1996,0,,,,,0,,0,0,,2,,,,,,,2022,playing_time
ENG-Premier League,2022/23,Brighton,Odeluga Offiah,ENG,DF,19,2002,2,25,13,0.7,0.3,0,,0,2,13,5,0.0,0,3,-3,-10.8,-11.38,2022,playing_time
ENG-Premier League,2022/23,Brighton,Pascal Groß,GER,"MF,DF",31,1991,37,3239,88,94.7,36.0,37,88,30,0,,0,1.59,70,51,19,0.53,0.53,2022,playing_time
ENG-Premier League,2022/23,Brighton,Pervis Estupiñán,ECU,"DF,MF",24,1998,35,2675,76,78.2,29.7,31,83,20,4,25,1,1.63,59,43,16,0.54,0.18,2022,playing_time
ENG-Premier League,2022/23,Brighton,Robert Sánchez,ESP,GK,24,1997,23,2070,90,60.5,23.0,23,90,23,0,,10,1.65,41,30,11,0.48,-0.06,2022,playing_time
ENG-Premier League,2022/23,Brighton,Solly March,ENG,MF,28,1994,33,2715,82,79.4,30.2,31,86,19,2,30,0,1.67,58,40,18,0.6,0.47,2022,playing_time
ENG-Premier League,2022/23,Brighton,Steven Alzate,COL,MF,23,1998,0,,,,,0,,0,0,,5,,,,,,,2022,playing_time
ENG-Premier League,2022/23,Brighton,Tariq Lamptey,GHA,"DF,MF",21,2000,20,453,23,13.2,5.0,3,60,1,17,16,3,1.6,6,7,-1,-0.2,-0.81,2022,playing_time
ENG-Premier League,2022/23,Brighton,Tom McGill,ENG,GK,22,2000,0,,,,,0,,0,0,,6,,,,,,,2022,playing_time
ENG-Premier League,2022/23,Brighton,Yasin Ayari,SWE,MF,18,2003,3,67,22,2.0,0.7,1,45,0,2,11,12,2.0,2,2,0,0.0,-0.51,2022,playing_time
ENG-Premier League,2022/23,Chelsea,Alfie Gilchrist,ENG,DF,18,2003,0,,,,,0,,0,0,,1,,,,,,,2022,playing_time
ENG-Premier League,2022/23,Chelsea,Armando Broja,ALB,FW,20,2001,12,294,25,8.6,3.3,2,67,0,10,16,1,1.5,5,5,0,0.0,0.26,2022,playing_time
ENG-Premier League,2022/23,Chelsea,Bashir Humphreys,ENG,DF,19,2003,0,,,,,0,,0,0,,4,,,,,,,2022,playing_time
ENG-Premier League,2022/23,Chelsea,Ben Chilwell,ENG,"MF,DF",25,1996,23,1408,61,41.2,15.6,15,85,10,8,17,2,1.26,16,19,-3,-0.19,0.08,2022,playing_time
ENG-Premier League,2022/23,Chelsea,Benoît Badiashile,FRA,DF,21,2001,11,905,82,26.5,10.1,10,90,10,1,5,7,1.55,11,9,2,0.2,0.59,2022,playing_time
ENG-Premier League,2022/23,Chelsea,Billy Gilmour,SCO,MF,21,2001,0,,,,,0,,0,0,,1,,,,,,,2022,playing_time
ENG-Premier League,2022/23,Chelsea,Callum Hudson-Odoi,ENG,"FW,MF",21,2000,0,,,,,0,,0,0,,3,,,,,,,2022,playing_time
ENG-Premier League,2022/23,Chelsea,Carney Chukwuemeka,AUT,MF,18,2003,14,354,25,10.4,3.9,2,72,0,12,18,7,1.29,2,7,-5,-1.27,-1.15,2022,playing_time
ENG-Premier League,2022/23,Chelsea,Christian Pulisic,USA,"MF,FW",23,1998,24,821,34,24.0,9.1,8,64,0,16,19,5,1.13,12,11,1,0.11,0.46,2022,playing_time
ENG-Premier League,2022/23,Chelsea,Conor Gallagher,ENG,MF,22,2000,35,1621,46,47.4,18.0,18,73,8,17,18,2,1.23,15,22,-7,-0.39,-0.29,2022,playing_time
ENG-Premier League,2022/23,Chelsea,César Azpilicueta,ESP,"DF,MF",32,1989,25,1527,61,44.6,17.0,16,82,12,9,23,6,1.12,17,21,-4,-0.24,0.0,2022,playing_time
ENG-Premier League,2022/23,Chelsea,David Datro Fofana,CIV,FW,19,2002,3,70,23,2.0,0.8,1,45,0,2,13,6,0.33,1,1,0,0.0,0.24,2022,playing_time
ENG-Premier League,2022/23,Chelsea,Denis Zakaria,SUI,MF,25,1996,7,411,59,12.0,4.6,5,72,1,2,26,9,1.0,5,5,0,0.0,0.27,2022,playing_time
ENG-Premier League,2022/23,Chelsea,Enzo Fernández,ARG,MF,21,2001,18,1547,86,45.2,17.2,18,86,14,0,,0,0.83,16,25,-9,-0.52,-0.52,2022,playing_time
ENG-Premier League,2022/23,Chelsea,Ethan Ampadu,WAL,"DF,MF",21,2000,0,,,,,0,,0,0,,3,,,,,,,2022,playing_time
ENG-Premier League,2022/23,Chelsea,Ethan Wady,ENG,GK,20,2002,0,,,,,0,,0,0,,1,,,,,,,2022,playing_time
ENG-Premier League,2022/23,Chelsea,Hakim Ziyech,MAR,"MF,FW",29,1993,18,661,37,19.3,7.3,6,76,2,12,17,13,0.78,6,7,-1,-0.14,0.12,2022,playing_time
ENG-Premier League,2022/23,Chelsea,Harvey Vale,IRL,MF,18,2003,0,,,,,0,,0,0,,1,,,,,,,2022,playing_time
ENG-Premier League,2022/23,Chelsea,Jorginho,ITA,MF,30,1991,18,1279,71,37.4,14.2,15,81,8,3,23,2,1.61,15,12,3,0.21,0.72,2022,playing_time
ENG-Premier League,2022/23,Chelsea,João Félix,POR,"FW,MF",22,1999,16,941,59,27.5,10.5,11,75,3,5,22,1,0.88,11,15,-4,-0.38,-0.2,2022,playing_time
ENG-Premier League,2022/23,Chelsea,Kai Havertz,GER,"FW,MF",23,1999,35,2569,73,75.1,28.5,30,81,15,5,25,1,1.23,29,31,-2,-0.07,0.67,2022,playing_time
ENG-Premier League,2022/23,Chelsea,Kalidou Koulibaly,SEN,DF,31,1991,23,1800,78,52.6,20.0,20,87,17,3,23,6,1.26,20,22,-2,-0.1,0.29,2022,playing_time
ENG-Premier League,2022/23,Chelsea,Kepa Arrizabalaga,ESP,GK,27,1994,29,2565,88,75.0,28.5,29,88,28,0,,7,1.14,27,33,-6,-0.21,0.11,2022,playing_time
ENG-Premier League,2022/23,Chelsea,Lewis Hall,ENG,"MF,DF",17,2004,9,654,73,19.1,7.3,8,79,3,1,23,5,0.67,6,11,-5,-0.69,-0.56,2022,playing_time
ENG-Premier League,2022/23,Chelsea,Marc Cucurella,ESP,"DF,MF",24,1998,24,1671,70,48.9,18.6,21,77,10,3,15,3,1.21,17,20,-3,-0.16,0.15,2022,playing_time
ENG-Premier League,2022/23,Chelsea,Marcus Bettinelli,ENG,GK,30,1992,0,,,,,0,,0,0,,17,,,,,,,2022,playing_time
ENG-Premier League,2022/23,Chelsea,Mason Mount,ENG,MF,23,1999,24,1648,69,48.2,18.3,20,77,7,4,25,2,1.29,18,21,-3,-0.16,0.14,2022,playing_time
ENG-Premier League,2022/23,Chelsea,Mateo Kovačić,CRO,MF,28,1994,27,1707,63,49.9,19.0,17,82,10,10,32,2,1.15,15,25,-10,-0.53,-0.58,2022,playing_time
ENG-Premier League,2022/23,Chelsea,Mykhailo Mudryk,UKR,"FW,MF",21,2001,15,657,44,19.2,7.3,7,66,1,8,24,4,0.67,6,10,-4,-0.55,-0.39,2022,playing_time
ENG-Premier League,2022/23,Chelsea,N'Golo Kanté,FRA,MF,31,1991,7,518,74,15.1,5.8,6,81,3,1,34,1,1.14,5,7,-2,-0.35,-0.13,2022,playing_time
ENG-Premier League,2022/23,Chelsea,Noni Madueke,ENG,"FW,MF",20,2002,12,643,54,18.8,7.1,7,75,0,5,24,4,0.83,6,13,-7,-0.98,-0.91,2022,playing_time
ENG-Premier League,2022/23,Chelsea,Omari Hutchinson,ENG,MF,18,2003,1,23,23,0.7,0.3,0,,0,1,23,4,0.0,0,0,0,0.0,0.24,2022,playing_time
ENG-Premier League,2022/23,Chelsea,Pierre-Emerick Aubameyang,GAB,FW,33,1989,15,554,37,16.2,6.2,5,62,0,10,24,5,1.07,3,8,-5,-0.81,-0.69,2022,playing_time
ENG-Premier League,2022/23,Chelsea,Raheem Sterling,ENG,"FW,MF",27,1994,28,1891,68,55.3,21.0,23,76,7,5,28,1,1.14,24,27,-3,-0.14,0.21,2022,playing_time
ENG-Premier League,2022/23,Chelsea,Reece James,ENG,"DF,MF",22,1999,16,1244,78,36.4,13.8,14,85,12,2,27,0,1.44,15,17,-2,-0.14,0.14,2022,playing_time
ENG-Premier League,2022/23,Chelsea,Ruben Loftus-Cheek,ENG,MF,26,1996,25,1536,61,44.9,17.1,19,73,6,6,26,6,1.36,22,23,-1,-0.06,0.32,2022,playing_time
ENG-Premier League,2022/23,Chelsea,Thiago Silva,BRA,DF,37,1984,27,2352,87,68.8,26.1,26,87,25,1,84,2,1.19,27,32,-5,-0.19,0.15,2022,playing_time
ENG-Premier League,2022/23,Chelsea,Trevoh Chalobah,ENG,DF,23,1999,25,1608,64,47.0,17.9,18,86,15,7,8,10,1.2,20,24,-4,-0.22,0.02,2022,playing_time
ENG-Premier League,2022/23,Chelsea,Wesley Fofana,FRA,DF,21,2000,15,1183,79,34.6,13.1,12,85,7,3,54,1,1.0,13,18,-5,-0.38,-0.22,2022,playing_time
ENG-Premier League,2022/23,Chelsea,Édouard Mendy,SEN,GK,30,1992,10,855,86,25.0,9.5,9,90,9,1,45,13,1.1,11,14,-3,-0.32,-0.11,2022,playing_time
ENG-Premier League,2022/23,Crystal Palace,Albert Sambi Lokonga,BEL,MF,22,1999,9,536,60,15.7,6.0,6,79,3,3,20,8,0.67,2,5,-3,-0.5,-0.32,2022,playing_time
ENG-Premier League,2022/23,Crystal Palace,Cheick Doucouré,MLI,MF,22,2000,34,2769,81,81.0,30.8,34,81,16,0,,1,1.24,36,41,-5,-0.16,0.39,2022,playing_time
ENG-Premier League,2022/23,Crystal Palace,Chris Richards,USA,DF,22,2000,9,447,50,13.1,5.0,4,90,4,5,17,18,0.78,2,11,-9,-1.81,-1.81,2022,playing_time
ENG-Premier League,2022/23,Crystal Palace,David Ozoh,ENG,MF,17,2005,1,1,1,0.0,0.0,0,,0,1,1,3,1.0,0,0,0,0.0,0.24,2022,playing_time
ENG-Premier League,2022/23,Crystal Palace,Eberechi Eze,ENG,"MF,FW",24,1998,38,2636,69,77.1,29.3,30,82,15,8,23,0,1.18,38,35,3,0.1,1.48,2022,playing_time
ENG-Premier League,2022/23,Crystal Palace,Jack Butland,ENG,GK,29,1993,0,,,,,0,,0,0,,2,,,,,,,2022,playing_time
ENG-Premier League,2022/23,Crystal Palace,Jack Wells-Morrison,ENG,MF,18,2004,0,,,,,0,,0,0,,2,,,,,,,2022,playing_time
ENG-Premier League,2022/23,Crystal Palace,James McArthur,SCO,MF,34,1987,4,54,14,1.6,0.6,0,,0,4,14,8,1.75,0,0,0,0.0,0.24,2022,playing_time
ENG-Premier League,2022/23,Crystal Palace,James Tomkins,ENG,DF,33,1989,6,338,56,9.9,3.8,3,79,2,3,34,16,0.67,2,8,-6,-1.6,-1.51,2022,playing_time
ENG-Premier League,2022/23,Crystal Palace,Jaïro Riedewald,NED,"DF,MF",25,1996,6,64,11,1.9,0.7,0,,0,6,11,24,1.83,0,0,0,0.0,0.24,2022,playing_time
ENG-Premier League,2022/23,Crystal Palace,Jean-Philippe Mateta,FRA,FW,25,1997,29,770,27,22.5,8.6,6,65,0,23,17,8,1.1,5,10,-5,-0.58,-0.45,2022,playing_time
ENG-Premier League,2022/23,Crystal Palace,Jeffrey Schlupp,GHA,MF,29,1992,34,2531,74,74.0,28.1,30,81,11,4,23,0,1.18,33,38,-5,-0.18,0.23,2022,playing_time
ENG-Premier League,2022/23,Crystal Palace,Joachim Andersen,DEN,DF,26,1996,32,2782,87,81.3,30.9,32,87,30,0,,0,1.31,35,37,-2,-0.06,0.92,2022,playing_time
ENG-Premier League,2022/23,Crystal Palace,Joel Ward,ENG,DF,32,1989,28,2256,81,66.0,25.1,24,89,22,4,30,7,1.36,34,35,-1,-0.04,0.58,2022,playing_time
ENG-Premier League,2022/23,Crystal Palace,John-Kymani Gordon,ENG,"FW,MF",19,2003,0,,,,,0,,0,0,,5,,,,,,,2022,playing_time
ENG-Premier League,2022/23,Crystal Palace,Jordan Ayew,GHA,"FW,MF",30,1991,38,2714,71,79.4,30.2,31,82,17,7,24,0,1.18,32,41,-9,-0.3,-0.3,2022,playing_time
ENG-Premier League,2022/23,Crystal Palace,Joseph Whitworth,ENG,GK,18,2004,2,180,90,5.3,2.0,2,90,2,0,,12,0.0,1,5,-4,-2.0,-1.86,2022,playing_time
ENG-Premier League,2022/23,Crystal Palace,Kaden Rodney,ENG,"DF,MF",17,2004,0,,,,,0,,0,0,,2,,,,,,,2022,playing_time
ENG-Premier League,2022/23,Crystal Palace,Killian Phillips,IRL,MF,20,2002,0,,,,,0,,0,0,,2,,,,,,,2022,playing_time
ENG-Premier League,2022/23,Crystal Palace,Kofi Balmer,NIR,DF,21,2000,0,,,,,0,,0,0,,3,,,,,,,2022,playing_time
ENG-Premier League,2022/23,Crystal Palace,Luka Milivojević,SRB,MF,31,1991,18,512,28,15.0,5.7,5,68,1,13,13,16,1.44,5,7,-2,-0.35,-0.13,2022,playing_time
ENG-Premier League,2022/23,Crystal Palace,Luke Plange,ENG,FW,19,2002,0,,,,,0,,0,0,,2,,,,,,,2022,playing_time
ENG-Premier League,2022/23,Crystal Palace,Malcolm Ebiowei,ENG,MF,18,2003,3,34,11,1.0,0.4,0,,0,3,11,14,0.0,0,1,-1,-2.65,-2.43,2022,playing_time
ENG-Premier League,2022/23,Crystal Palace,Marc Guéhi,ENG,DF,22,2000,37,3329,90,97.3,37.0,37,90,36,0,,0,1.22,40,46,-6,-0.16,2.8,2022,playing_time
ENG-Premier League,2022/23,Crystal Palace,Michael Olise,FRA,"MF,FW",20,2001,37,2749,74,80.4,30.5,31,85,17,6,20,0,1.22,35,38,-3,-0.1,0.71,2022,playing_time
ENG-Premier League,2022/23,Crystal Palace,Naouirou Ahamada,FRA,MF,20,2002,8,94,12,2.7,1.0,0,,0,8,12,3,0.38,0,2,-2,-1.91,-1.73,2022,playing_time
ENG-Premier League,2022/23,Crystal Palace,Nathaniel Clyne,ENG,DF,31,1991,22,1640,75,48.0,18.2,19,84,14,3,17,8,0.77,13,23,-10,-0.55,-0.6,2022,playing_time
ENG-Premier League,2022/23,Crystal Palace,Odsonne Édouard,FRA,FW,24,1998,35,1803,52,52.7,20.0,20,75,2,15,20,2,1.2,23,25,-2,-0.1,0.29,2022,playing_time
ENG-Premier League,2022/23,Crystal Palace,Owen Goodman,CAN,GK,18,2003,0,,,,,0,,0,0,,4,,,,,,,2022,playing_time
ENG-Premier League,2022/23,Crystal Palace,Sam Johnstone,ENG,GK,29,1993,9,810,90,23.7,9.0,9,90,9,0,,21,1.67,16,10,6,0.67,1.18,2022,playing_time
ENG-Premier League,2022/23,Crystal Palace,Tayo Adaramola,IRL,"DF,MF",18,2003,0,,,,,0,,0,0,,2,,,,,,,2022,playing_time
ENG-Premier League,2022/23,Crystal Palace,Tyrick Mitchell,ENG,DF,22,1999,36,2891,80,84.5,32.1,34,84,27,2,19,0,1.17,36,38,-2,-0.06,1.13,2022,playing_time
ENG-Premier League,2022/23,Crystal Palace,Vicente Guaita,ESP,GK,35,1987,27,2430,90,71.1,27.0,27,90,27,0,,5,1.11,23,34,-11,-0.41,-0.59,2022,playing_time
ENG-Premier League,2022/23,Crystal Palace,Wilfried Zaha,CIV,"FW,MF",29,1992,27,2288,85,66.9,25.4,27,85,21,0,,0,1.22,22,34,-12,-0.47,-0.71,2022,playing_time
ENG-Premier League,2022/23,Crystal Palace,Will Hughes,ENG,MF,27,1995,27,842,31,24.6,9.4,7,79,1,20,15,6,1.15,7,11,-4,-0.43,-0.25,2022,playing_time
ENG-Premier League,2022/23,Everton,Abdoulaye Doucouré,MLI,MF,29,1993,25,1533,61,44.8,17.0,17,84,14,8,13,4,1.2,18,26,-8,-0.47,0.25,2022,playing_time
ENG-Premier League,2022/23,Everton,Alex Iwobi,NGA,MF,26,1996,38,3378,89,98.8,37.5,38,89,34,0,,0,0.95,34,56,-22,-0.59,1.56,2022,playing_time
ENG-Premier League,2022/23,Everton,Allan,BRA,"DF,MF",31,1991,0,,,,,0,,0,0,,5,,,,,,,2022,playing_time
ENG-Premier League,2022/23,Everton,Amadou Onana,BEL,MF,20,2001,33,2488,75,72.7,27.6,29,83,16,4,21,1,1.03,22,37,-15,-0.54,0.23,2022,playing_time
ENG-Premier League,2022/23,Everton,André Gomes,POR,MF,29,1993,0,,,,,0,,0,0,,1,,,,,,,2022,playing_time
ENG-Premier League,2022/23,Everton,Andy Lonergan,IRL,GK,38,1983,0,,,,,0,,0,0,,4,,,,,,,2022,playing_time
ENG-Premier League,2022/23,Everton,Anthony Gordon,ENG,"FW,MF",21,2001,16,1095,68,32.0,12.2,12,85,7,4,19,1,0.88,10,13,-3,-0.25,0.53,2022,playing_time
ENG-Premier League,2022/23,Everton,Asmir Begović,BIH,GK,35,1987,1,90,90,2.6,1.0,1,90,1,0,,37,3.0,1,0,1,1.0,1.65,2022,playing_time
ENG-Premier League,2022/23,Everton,Ben Godfrey,ENG,DF,24,1998,13,802,62,23.5,8.9,10,75,6,3,18,5,0.62,10,18,-8,-0.9,-0.38,2022,playing_time
ENG-Premier League,2022/23,Everton,Conor Coady,ENG,DF,29,1993,24,2096,87,61.3,23.3,23,90,22,1,36,11,1.0,16,28,-12,-0.52,0.23,2022,playing_time
ENG-Premier League,2022/23,Everton,Dele Alli,ENG,"FW,MF",26,1996,2,40,20,1.2,0.4,0,,0,2,20,1,0.0,1,1,0,0.0,0.61,2022,playing_time
ENG-Premier League,2022/23,Everton,Demarai Gray,JAM,"FW,MF",26,1996,33,2507,76,73.3,27.9,27,86,16,6,30,5,0.79,20,39,-19,-0.68,-0.29,2022,playing_time
ENG-Premier League,2022/23,Everton,Dominic Calvert-Lewin,ENG,FW,25,1997,17,1165,69,34.1,12.9,15,75,4,2,20,0,0.82,12,22,-10,-0.77,-0.25,2022,playing_time
ENG-Premier League,2022/23,Everton,Dwight McNeil,ENG,"MF,FW",22,1999,36,2498,69,73.0,27.8,28,83,19,8,22,2,0.97,26,46,-20,-0.72,-0.43,2022,playing_time
ENG-Premier League,2022/23,Everton,Eldin Jakupović,SUI,GK,37,1984,0,,,,,0,,0,0,,1,,,,,,,2022,playing_time
ENG-Premier League,2022/23,Everton,Ellis Simms,ENG,FW,21,2001,11,228,21,6.7,2.5,2,65,0,9,11,10,0.73,3,4,-1,-0.39,0.23,2022,playing_time
ENG-Premier League,2022/23,Everton,Idrissa Gueye,SEN,MF,32,1989,33,2577,78,75.4,28.6,32,80,14,1,29,0,1.0,25,45,-20,-0.7,-0.38,2022,playing_time
ENG-Premier League,2022/23,Everton,Isaac Price,NIR,MF,18,2003,1,33,33,1.0,0.4,0,,0,1,33,2,0.0,1,0,1,2.73,3.37,2022,playing_time
ENG-Premier League,2022/23,Everton,Ishé Samuels-Smith,ENG,DF,16,2006,0,,,,,0,,0,0,,1,,,,,,,2022,playing_time
ENG-Premier League,2022/23,Everton,James Garner,ENG,MF,21,2001,16,804,50,23.5,8.9,7,88,6,9,21,5,0.88,12,13,-1,-0.11,0.64,2022,playing_time
ENG-Premier League,2022/23,Everton,James Tarkowski,ENG,DF,29,1992,38,3420,90,100.0,38.0,38,90,38,0,,0,0.95,34,57,-23,-0.61,,2022,playing_time
ENG-Premier League,2022/23,Everton,Jean-Philippe Gbamin,CIV,"DF,MF",26,1995,0,,,,,0,,0,0,,2,,,,,,,2022,playing_time
ENG-Premier League,2022/23,Everton,Jordan Pickford,ENG,GK,28,1994,37,3330,90,97.4,37.0,37,90,37,0,,0,0.89,33,57,-24,-0.65,-1.65,2022,playing_time
ENG-Premier League,2022/23,Everton,Kyle Alex John,ENG,"DF,MF",21,2001,0,,,,,0,,0,0,,2,,,,,,,2022,playing_time
ENG-Premier League,2022/23,Everton,Lewis Warrington,ENG,MF,19,2002,0,,,,,0,,0,0,,2,,,,,,,2022,playing_time
ENG-Premier League,2022/23,Everton,Mason Holgate,JAM,DF,25,1996,8,507,63,14.8,5.6,5,76,2,3,42,20,0.5,4,9,-5,-0.89,-0.33,2022,playing_time
ENG-Premier League,2022/23,Everton,Michael Keane,ENG,DF,29,1993,12,985,82,28.8,10.9,10,90,10,2,43,20,0.83,11,22,-11,-1.01,-0.56,2022,playing_time
ENG-Premier League,2022/23,Everton,Nathan Patterson,SCO,"DF,MF",20,2001,19,1279,67,37.4,14.2,14,82,11,5,26,2,0.74,13,22,-9,-0.63,-0.04,2022,playing_time
ENG-Premier League,2022/23,Everton,Neal Maupay,FRA,FW,25,1996,27,1118,41,32.7,12.4,11,78,1,16,16,6,1.0,12,19,-7,-0.56,0.06,2022,playing_time
ENG-Premier League,2022/23,Everton,Reece Welch,ENG,DF,18,2003,0,,,,,0,,0,0,,5,,,,,,,2022,playing_time
ENG-Premier League,2022/23,Everton,Rúben Vinagre,POR,"DF,MF",23,1999,2,26,13,0.8,0.3,0,,0,2,13,19,0.5,0,0,0,0.0,0.61,2022,playing_time
ENG-Premier League,2022/23,Everton,Salomón Rondón,VEN,FW,32,1989,7,109,16,3.2,1.2,1,56,0,6,9,3,1.14,1,2,-1,-0.83,-0.23,2022,playing_time
ENG-Premier League,2022/23,Everton,Sean McAllister,NIR,MF,19,2002,0,,,,,0,,0,0,,2,,,,,,,2022,playing_time
ENG-Premier League,2022/23,Everton,Stanley Mills,ENG,MF,18,2003,0,,,,,0,,0,0,,7,,,,,,,2022,playing_time
ENG-Premier League,2022/23,Everton,Séamus Coleman,IRL,"DF,MF",33,1988,23,1656,72,48.4,18.4,20,77,9,3,37,7,0.91,15,25,-10,-0.54,0.12,2022,playing_time
ENG-Premier League,2022/23,Everton,Tom Cannon,IRL,FW,19,2002,2,25,13,0.7,0.3,0,,0,2,13,0,0.0,0,1,-1,-3.6,-3.02,2022,playing_time
ENG-Premier League,2022/23,Everton,Tom Davies,ENG,MF,24,1998,19,538,28,15.7,6.0,4,66,1,15,18,15,1.0,3,9,-6,-1.0,-0.47,2022,playing_time
ENG-Premier League,2022/23,Everton,Vitaliy Mykolenko,UKR,"DF,MF",23,1999,34,2655,78,77.6,29.5,30,86,27,4,17,0,0.91,28,46,-18,-0.61,-0.02,2022,playing_time
ENG-Premier League,2022/23,Everton,Yerry Mina,COL,DF,27,1994,7,594,85,17.4,6.6,7,85,5,0,,17,1.0,8,9,-1,-0.15,0.55,2022,playing_time
ENG-Premier League,2022/23,Fulham,Aleksandar Mitrović,SRB,FW,27,1994,24,2008,84,58.7,22.3,23,86,14,1,26,0,1.5,33,29,4,0.18,0.31,2022,playing_time
ENG-Premier League,2022/23,Fulham,Andreas Pereira,BRA,MF,26,1996,33,2692,82,78.7,29.9,33,82,7,0,,0,1.36,43,40,3,0.1,0.22,2022,playing_time
ENG-Premier League,2022/23,Fulham,Antonee Robinson,USA,DF,24,1997,35,3088,88,90.3,34.3,35,88,34,0,,0,1.4,50,44,6,0.17,1.26,2022,playing_time
ENG-Premier League,2022/23,Fulham,Bernd Leno,GER,GK,30,1992,36,3240,90,94.7,36.0,36,90,36,0,,2,1.39,53,51,2,0.06,0.06,2022,playing_time
ENG-Premier League,2022/23,Fulham,Bobby De Cordova-Reid,JAM,"MF,DF",29,1993,36,2475,69,72.4,27.5,29,80,11,7,23,1,1.44,36,40,-4,-0.15,-0.72,2022,playing_time
ENG-Premier League,2022/23,Fulham,Carlos Vinícius,BRA,FW,27,1995,28,1109,40,32.4,12.3,11,85,7,17,10,5,1.29,18,20,-2,-0.16,-0.32,2022,playing_time
ENG-Premier League,2022/23,Fulham,Charlie Robinson,ENG,DF,17,2004,0,,,,,0,,0,0,,1,,,,,,,2022,playing_time
ENG-Premier League,2022/23,Fulham,Cédric Soares,POR,DF,30,1991,6,198,33,5.8,2.2,2,79,1,4,10,9,0.5,1,3,-2,-0.91,-1.02,2022,playing_time
ENG-Premier League,2022/23,Fulham,Daniel James,WAL,"MF,FW",24,1997,20,621,31,18.2,6.9,5,74,1,15,17,8,0.95,9,16,-7,-1.01,-1.3,2022,playing_time
ENG-Premier League,2022/23,Fulham,George Wickens,ENG,GK,20,2001,0,,,,,0,,0,0,,2,,,,,,,2022,playing_time
ENG-Premier League,2022/23,Fulham,Harrison Reed,ENG,MF,27,1995,37,2866,77,83.8,31.8,35,81,17,2,23,0,1.41,48,43,5,0.16,0.64,2022,playing_time
ENG-Premier League,2022/23,Fulham,Harry Wilson,WAL,MF,25,1997,29,1100,38,32.2,12.2,13,69,1,16,13,1,1.31,21,15,6,0.49,0.65,2022,playing_time
ENG-Premier League,2022/23,Fulham,Issa Diop,MAR,DF,25,1997,25,2012,80,58.8,22.4,21,89,19,4,34,12,1.28,33,26,7,0.31,0.63,2022,playing_time
ENG-Premier League,2022/23,Fulham,Jay Stansfield,ENG,MF,19,2002,3,87,29,2.5,1.0,1,76,0,2,6,2,1.33,2,2,0,0.0,-0.05,2022,playing_time
ENG-Premier League,2022/23,Fulham,Josh Onomah,ENG,"FW,MF",25,1997,2,15,8,0.4,0.2,0,,0,2,8,3,0.0,0,2,-2,-12.0,-12.11,2022,playing_time
ENG-Premier League,2022/23,Fulham,João Palhinha,POR,MF,27,1995,35,3108,89,90.9,34.5,35,89,30,0,,0,1.49,51,43,8,0.23,1.96,2022,playing_time
ENG-Premier League,2022/23,Fulham,Kenny Tete,NED,DF,26,1995,31,2569,83,75.1,28.5,29,87,21,2,19,1,1.45,42,36,6,0.21,0.63,2022,playing_time
ENG-Premier League,2022/23,Fulham,Kevin Mbabu,SUI,DF,27,1995,6,144,24,4.2,1.6,1,44,0,5,20,8,0.67,2,7,-5,-3.12,-3.32,2022,playing_time
ENG-Premier League,2022/23,Fulham,Kristian Sekularac,SUI,MF,18,2003,0,,,,,0,,0,0,,1,,,,,,,2022,playing_time
ENG-Premier League,2022/23,Fulham,Layvin Kurzawa,FRA,DF,29,1992,3,135,45,3.9,1.5,2,67,1,1,1,6,0.33,0,4,-4,-2.67,-2.83,2022,playing_time
ENG-Premier League,2022/23,Fulham,Luke Harris,WAL,MF,17,2005,3,13,4,0.4,0.1,0,,0,3,4,20,2.0,0,1,-1,-6.92,-7.0,2022,playing_time
ENG-Premier League,2022/23,Fulham,Manor Solomon,ISR,MF,23,1999,19,572,30,16.7,6.4,4,76,1,15,18,3,1.16,6,11,-5,-0.79,-1.01,2022,playing_time
ENG-Premier League,2022/23,Fulham,Marek Rodák,SVK,GK,25,1996,2,180,90,5.3,2.0,2,90,2,0,,36,1.0,2,2,0,0.0,-0.06,2022,playing_time
ENG-Premier League,2022/23,Fulham,Martial Godo,CIV,"FW,MF",19,2003,0,,,,,0,,0,0,,1,,,,,,,2022,playing_time
ENG-Premier League,2022/23,Fulham,Matt Dibley-Dias,NZL,MF,18,2004,0,,,,,0,,0,0,,2,,,,,,,2022,playing_time
ENG-Premier League,2022/23,Fulham,Nathaniel Chalobah,ENG,MF,27,1994,4,12,3,0.4,0.1,1,7,0,3,2,10,1.5,0,0,0,0.0,-0.05,2022,playing_time
ENG-Premier League,2022/23,Fulham,Neeskens Kebano,COD,MF,30,1992,17,764,45,22.3,8.5,9,74,1,8,13,3,1.47,13,10,3,0.35,0.39,2022,playing_time
ENG-Premier League,2022/23,Fulham,Rodrigo Muniz,BRA,FW,21,2001,0,,,,,0,,0,0,,2,,,,,,,2022,playing_time
ENG-Premier League,2022/23,Fulham,Saša Lukić,SRB,MF,25,1996,12,412,34,12.0,4.6,4,75,1,8,14,4,1.33,3,10,-7,-1.53,-1.8,2022,playing_time
ENG-Premier League,2022/23,Fulham,Shane Duffy,IRL,"DF,MF",30,1992,5,20,4,0.6,0.2,0,,0,5,4,25,2.0,0,4,-4,-18.0,-18.16,2022,playing_time
ENG-Premier League,2022/23,Fulham,Stefan Parkes,ENG,DF,18,2004,0,,,,,0,,0,0,,1,,,,,,,2022,playing_time
ENG-Premier League,2022/23,Fulham,Terry Ablade,FIN,FW,20,2001,0,,,,,0,,0,0,,2,,,,,,,2022,playing_time
ENG-Premier League,2022/23,Fulham,Tim Ream,USA,DF,34,1987,33,2897,88,84.7,32.2,33,88,31,0,,0,1.36,45,44,1,0.03,-0.14,2022,playing_time
ENG-Premier League,2022/23,Fulham,Tom Cairney,SCO,MF,31,1991,33,988,30,28.9,11.0,6,78,0,27,19,0,1.36,18,13,5,0.46,0.57,2022,playing_time
ENG-Premier League,2022/23,Fulham,Tosin Adarabioyo,ENG,DF,24,1997,25,2085,83,61.0,23.2,23,90,23,2,8,13,1.44,36,39,-3,-0.13,-0.47,2022,playing_time
ENG-Premier League,2022/23,Fulham,Tyrese Francois,AUS,MF,22,2000,1,1,1,0.0,0.0,0,,0,1,1,6,1.0,0,0,0,0.0,-0.05,2022,playing_time
ENG-Premier League,2022/23,Fulham,Willian,BRA,MF,33,1988,27,2126,79,62.2,23.6,25,82,6,2,38,0,1.63,39,22,17,0.72,1.76,2022,playing_time
ENG-Premier League,2022/23,Leeds United,Adam Forshaw,ENG,MF,30,1991,12,479,40,14.0,5.3,5,68,1,7,20,4,0.5,4,13,-9,-1.69,-1.05,2022,playing_time
ENG-Premier League,2022/23,Leeds United,Archie Gray,ENG,"DF,MF",16,2006,0,,,,,0,,0,0,,6,,,,,,,2022,playing_time
ENG-Premier League,2022/23,Leeds United,Brenden Aaronson,USA,MF,21,2000,36,2372,66,69.4,26.4,28,78,8,8,22,2,0.86,35,59,-24,-0.91,-0.4,2022,playing_time
ENG-Premier League,2022/23,Leeds United,Cody Drameh,ENG,DF,20,2001,1,69,69,2.0,0.8,1,69,0,0,,5,0.0,1,3,-2,-2.61,-1.86,2022,playing_time
ENG-Premier League,2022/23,Leeds United,Crysencio Summerville,NED,"MF,FW",20,2001,28,1426,51,41.7,15.8,12,82,7,16,28,8,0.86,19,38,-19,-1.2,-0.7,2022,playing_time
ENG-Premier League,2022/23,Leeds United,Daniel James,WAL,MF,24,1997,4,198,50,5.8,2.2,2,64,0,2,36,0,1.25,5,2,3,1.36,2.29,2022,playing_time
ENG-Premier League,2022/23,Leeds United,Darko Gyabi,ENG,MF,18,2004,1,8,8,0.2,0.1,0,,0,1,8,12,0.0,0,0,0,0.0,0.79,2022,playing_time
ENG-Premier League,2022/23,Leeds United,Diego Llorente,ESP,DF,28,1993,8,649,81,19.0,7.2,7,90,7,1,19,11,1.0,11,12,-1,-0.14,0.8,2022,playing_time
ENG-Premier League,2022/23,Leeds United,Diogo Monteiro,POR,DF,17,2005,0,,,,,0,,0,0,,3,,,,,,,2022,playing_time
ENG-Premier League,2022/23,Leeds United,Georginio Rutter,FRA,FW,20,2002,11,273,25,8.0,3.0,1,67,0,10,21,9,0.45,3,9,-6,-1.98,-1.29,2022,playing_time
ENG-Premier League,2022/23,Leeds United,Illan Meslier,FRA,GK,22,2000,34,3060,90,89.5,34.0,34,90,34,0,,4,0.88,43,67,-24,-0.71,0.79,2022,playing_time
ENG-Premier League,2022/23,Leeds United,Jack Harrison,ENG,MF,25,1996,36,2708,75,79.2,30.1,34,78,11,2,27,1,0.86,35,55,-20,-0.66,0.6,2022,playing_time
ENG-Premier League,2022/23,Leeds United,Jeremiah Chilokoa-Mullen,SCO,DF,18,2004,0,,,,,0,,0,0,,3,,,,,,,2022,playing_time
ENG-Premier League,2022/23,Leeds United,Joe Gelhardt,ENG,FW,20,2002,15,212,14,6.2,2.4,1,58,0,14,11,2,0.8,6,3,3,1.27,2.2,2022,playing_time
ENG-Premier League,2022/23,Leeds United,Joel Robles,ESP,GK,32,1990,4,360,90,10.5,4.0,4,90,4,0,,23,0.25,5,11,-6,-1.5,-0.79,2022,playing_time
ENG-Premier League,2022/23,Leeds United,Junior Firpo,DOM,DF,25,1996,19,1368,72,40.0,15.2,14,86,10,5,32,11,0.74,17,33,-16,-1.05,-0.44,2022,playing_time
ENG-Premier League,2022/23,Leeds United,Kristoffer Klaesson,NOR,GK,21,2000,0,,,,,0,,0,0,,11,,,,,,,2022,playing_time
ENG-Premier League,2022/23,Leeds United,Leo Fuhr Hjelde,NOR,DF,18,2003,0,,,,,0,,0,0,,5,,,,,,,2022,playing_time
ENG-Premier League,2022/23,Leeds United,Liam Cooper,SCO,DF,30,1991,18,1426,79,41.7,15.8,16,85,14,2,31,7,0.56,20,32,-12,-0.76,0.06,2022,playing_time
ENG-Premier League,2022/23,Leeds United,Luis Sinisterra,COL,MF,23,1999,19,867,46,25.4,9.6,13,58,0,6,18,1,0.68,10,23,-13,-1.35,-0.75,2022,playing_time
ENG-Premier League,2022/23,Leeds United,Luke Ayling,ENG,DF,30,1991,29,2054,71,60.1,22.8,22,89,21,7,14,4,0.79,27,48,-21,-0.92,-0.33,2022,playing_time
ENG-Premier League,2022/23,Leeds United,Marc Roca,ESP,MF,25,1996,32,2315,72,67.7,25.7,29,78,12,3,19,3,0.91,33,60,-27,-1.05,-0.81,2022,playing_time
ENG-Premier League,2022/23,Leeds United,Mateo Joseph,ESP,FW,18,2003,3,26,9,0.8,0.3,0,,0,3,9,5,0.33,0,0,0,0.0,0.8,2022,playing_time
ENG-Premier League,2022/23,Leeds United,Mateusz Klich,POL,MF,32,1990,14,280,20,8.2,3.1,0,,0,14,20,2,0.79,5,4,1,0.32,1.21,2022,playing_time
ENG-Premier League,2022/23,Leeds United,Maximilian Wöber,AUT,DF,24,1998,16,1266,79,37.0,14.1,14,85,12,2,41,1,0.63,15,23,-8,-0.57,0.35,2022,playing_time
ENG-Premier League,2022/23,Leeds United,Pascal Struijk,NED,DF,22,1999,29,2200,76,64.3,24.4,26,84,20,3,7,5,0.9,33,52,-19,-0.78,0.03,2022,playing_time
ENG-Premier League,2022/23,Leeds United,Patrick Bamford,ENG,FW,28,1993,28,1515,54,44.3,16.8,18,70,2,10,26,0,0.82,23,31,-8,-0.48,0.56,2022,playing_time
ENG-Premier League,2022/23,Leeds United,Rasmus Kristensen,DEN,DF,25,1997,26,1960,75,57.3,21.8,21,87,17,5,26,11,0.88,29,53,-24,-1.1,-0.73,2022,playing_time
ENG-Premier League,2022/23,Leeds United,Robin Koch,GER,DF,26,1996,36,3175,88,92.8,35.3,36,88,33,0,,1,0.86,46,74,-28,-0.79,-0.06,2022,playing_time
ENG-Premier League,2022/23,Leeds United,Rodrigo,ESP,"FW,MF",31,1991,31,1935,62,56.6,21.5,23,74,7,8,28,0,0.87,28,43,-15,-0.7,0.21,2022,playing_time
ENG-Premier League,2022/23,Leeds United,Sam Greenwood,ENG,MF,20,2002,18,424,24,12.4,4.7,3,70,1,15,14,18,0.72,10,11,-1,-0.21,0.66,2022,playing_time
ENG-Premier League,2022/23,Leeds United,Sonny Perkins,ENG,"FW,MF",18,2004,0,,,,,0,,0,0,,2,,,,,,,2022,playing_time
ENG-Premier League,2022/23,Leeds United,Tyler Adams,USA,MF,23,1999,24,2156,90,63.0,24.0,24,90,23,0,,0,0.96,28,36,-8,-0.33,1.23,2022,playing_time
ENG-Premier League,2022/23,Leeds United,Weston McKennie,USA,MF,23,1998,19,1437,76,42.0,16.0,16,85,9,3,28,0,0.68,20,35,-15,-0.94,-0.26,2022,playing_time
ENG-Premier League,2022/23,Leeds United,Wilfried Gnonto,ITA,"MF,FW",18,2003,24,1354,56,39.6,15.0,14,79,7,10,26,5,0.75,17,28,-11,-0.73,0.1,2022,playing_time
ENG-Premier League,2022/23,Leicester City,Alex Smithies,ENG,GK,32,1990,0,,,,,0,,0,0,,3,,,,,,,2022,playing_time
ENG-Premier League,2022/23,Leicester City,Ayoze Pérez,ESP,MF,29,1993,8,382,48,11.2,4.2,3,75,1,5,32,10,0.75,4,5,-1,-0.24,0.24,2022,playing_time
ENG-Premier League,2022/23,Leicester City,Boubakary Soumaré,FRA,MF,23,1999,26,1629,63,47.6,18.1,20,75,9,6,23,3,1.0,19,30,-11,-0.61,-0.31,2022,playing_time
ENG-Premier League,2022/23,Leicester City,Daniel Amartey,GHA,DF,27,1994,20,1610,81,47.1,17.9,18,87,16,2,22,15,0.8,20,26,-6,-0.34,0.21,2022,playing_time
ENG-Premier League,2022/23,Leicester City,Daniel Iversen,DEN,GK,25,1997,12,1080,90,31.6,12.0,12,90,12,0,,26,0.83,14,22,-8,-0.67,-0.32,2022,playing_time
ENG-Premier League,2022/23,Leicester City,Danny Ward,WAL,GK,29,1993,26,2340,90,68.4,26.0,26,90,26,0,,9,0.92,37,46,-9,-0.35,0.32,2022,playing_time
ENG-Premier League,2022/23,Leicester City,Dennis Praet,BEL,MF,28,1994,22,649,30,19.0,7.2,6,49,0,16,22,12,1.18,9,10,-1,-0.14,0.38,2022,playing_time
ENG-Premier League,2022/23,Leicester City,Harry Souttar,AUS,DF,23,1998,12,992,83,29.0,11.0,11,90,11,1,2,6,0.67,13,19,-6,-0.54,-0.14,2022,playing_time
ENG-Premier League,2022/23,Leicester City,Harvey Barnes,ENG,"MF,FW",24,1997,34,2711,80,79.3,30.1,32,83,21,2,27,0,0.88,42,51,-9,-0.3,0.72,2022,playing_time
ENG-Premier League,2022/23,Leicester City,James Justin,ENG,"DF,MF",24,1998,14,1252,89,36.6,13.9,14,89,12,0,,0,1.0,23,25,-2,-0.14,0.48,2022,playing_time
ENG-Premier League,2022/23,Leicester City,James Maddison,ENG,"MF,FW",25,1996,30,2480,83,72.5,27.6,28,86,21,2,34,0,0.93,41,54,-13,-0.47,-0.09,2022,playing_time
ENG-Premier League,2022/23,Leicester City,Jamie Vardy,ENG,FW,35,1987,37,1857,50,54.3,20.6,19,74,6,18,26,1,0.92,24,37,-13,-0.63,-0.4,2022,playing_time
ENG-Premier League,2022/23,Leicester City,Jannik Vestergaard,DEN,DF,29,1992,0,,,,,0,,0,0,,7,,,,,,,2022,playing_time
ENG-Premier League,2022/23,Leicester City,Joe Wormleighton,ENG,DF,18,2003,0,,,,,0,,0,0,,1,,,,,,,2022,playing_time
ENG-Premier League,2022/23,Leicester City,Jonny Evans,NIR,DF,34,1988,13,1051,81,30.7,11.7,12,88,10,1,1,3,0.62,17,28,-11,-0.94,-0.71,2022,playing_time
ENG-Premier League,2022/23,Leicester City,Kasey McAteer,IRL,MF,20,2001,0,,,,,0,,0,0,,3,,,,,,,2022,playing_time
ENG-Premier League,2022/23,Leicester City,Kelechi Iheanacho,NGA,FW,25,1996,28,1127,40,33.0,12.5,11,73,1,17,19,7,0.68,17,23,-6,-0.48,-0.05,2022,playing_time
ENG-Premier League,2022/23,Leicester City,Kiernan Dewsbury-Hall,ENG,MF,23,1998,31,2306,74,67.4,25.6,28,80,16,3,26,2,1.0,38,40,-2,-0.08,1.13,2022,playing_time
ENG-Premier League,2022/23,Leicester City,Lewis Brunt,ENG,"DF,MF",21,2000,1,23,23,0.7,0.3,0,,0,1,23,6,0.0,0,1,-1,-3.91,-3.49,2022,playing_time
ENG-Premier League,2022/23,Leicester City,Luke Thomas,ENG,DF,21,2001,17,1073,63,31.4,11.9,11,86,8,6,21,19,0.88,14,20,-6,-0.5,-0.08,2022,playing_time
ENG-Premier League,2022/23,Leicester City,Marc Albrighton,ENG,MF,32,1989,6,237,40,6.9,2.6,1,67,0,5,34,13,1.67,3,3,0,0.0,0.48,2022,playing_time
ENG-Premier League,2022/23,Leicester City,Nampalys Mendy,SEN,MF,30,1992,19,757,40,22.1,8.4,7,72,2,12,21,14,1.42,12,13,-1,-0.12,0.42,2022,playing_time
ENG-Premier League,2022/23,Leicester City,Patson Daka,ZAM,FW,23,1998,30,1187,40,34.7,13.2,13,65,2,17,20,7,0.83,20,25,-5,-0.38,0.1,2022,playing_time
ENG-Premier League,2022/23,Leicester City,Ricardo Pereira,POR,"DF,MF",28,1993,10,454,45,13.3,5.0,5,79,3,5,12,2,0.7,3,11,-8,-1.59,-1.31,2022,playing_time
ENG-Premier League,2022/23,Leicester City,Sammy Braybrooke,ENG,MF,18,2004,0,,,,,0,,0,0,,3,,,,,,,2022,playing_time
ENG-Premier League,2022/23,Leicester City,Tetê,BRA,"MF,FW",22,2000,13,734,56,21.5,8.2,9,68,0,4,30,5,0.85,13,15,-2,-0.25,0.26,2022,playing_time
ENG-Premier League,2022/23,Leicester City,Timothy Castagne,BEL,"DF,MF",26,1995,37,3254,88,95.1,36.2,36,89,33,1,45,1,0.92,49,64,-15,-0.41,0.67,2022,playing_time
ENG-Premier League,2022/23,Leicester City,Victor Bernth Kristiansen,DEN,DF,19,2002,12,892,74,26.1,9.9,11,81,7,1,3,2,0.92,14,21,-7,-0.71,-0.35,2022,playing_time
ENG-Premier League,2022/23,Leicester City,Wanya Marcal-Madivadua,POR,MF,19,2002,0,,,,,0,,0,0,,4,,,,,,,2022,playing_time
ENG-Premier League,2022/23,Leicester City,Wesley Fofana,FRA,DF,21,2000,2,180,90,5.3,2.0,2,90,2,0,,0,0.5,4,6,-2,-1.0,-0.58,2022,playing_time
ENG-Premier League,2022/23,Leicester City,Wilfred Ndidi,NGA,"MF,DF",25,1996,27,1679,62,49.1,18.7,19,79,8,8,22,4,0.7,25,39,-14,-0.75,-0.6,2022,playing_time
ENG-Premier League,2022/23,Leicester City,Wout Faes,BEL,DF,24,1998,31,2786,90,81.5,31.0,31,90,30,0,,0,1.03,42,51,-9,-0.29,0.84,2022,playing_time
ENG-Premier League,2022/23,Leicester City,Youri Tielemans,BEL,MF,25,1997,31,2344,76,68.5,26.0,27,82,16,4,30,0,0.97,35,49,-14,-0.54,-0.29,2022,playing_time
ENG-Premier League,2022/23,Leicester City,Çağlar Söyüncü,TUR,DF,26,1996,7,529,76,15.5,5.9,6,87,5,1,8,15,1.14,9,13,-4,-0.68,-0.28,2022,playing_time
ENG-Premier League,2022/23,Liverpool,Adrián,ESP,GK,35,1987,0,,,,,0,,0,0,,12,,,,,,,2022,playing_time
ENG-Premier League,2022/23,Liverpool,Alex Oxlade-Chamberlain,ENG,FW,28,1993,9,335,37,9.8,3.7,4,69,0,5,12,4,1.33,5,7,-2,-0.54,-1.41,2022,playing_time
ENG-Premier League,2022/23,Liverpool,Alisson,BRA,GK,29,1992,37,3330,90,97.4,37.0,37,90,37,0,,0,1.78,71,43,28,0.76,0.76,2022,playing_time
ENG-Premier League,2022/23,Liverpool,Andy Robertson,SCO,DF,28,1994,34,2583,76,75.5,28.7,29,84,19,5,27,1,1.82,58,34,24,0.84,0.41,2022,playing_time
ENG-Premier League,2022/23,Liverpool,Arthur Melo,BRA,MF,25,1996,0,,,,,0,,0,0,,7,,,,,,,2022,playing_time
ENG-Premier League,2022/23,Liverpool,Ben Gannon-Doak,SCO,MF,16,2005,2,26,13,0.8,0.3,0,,0,2,13,2,1.5,0,1,-1,-3.46,-4.23,2022,playing_time
ENG-Premier League,2022/23,Liverpool,Bobby Clark,ENG,MF,17,2005,1,8,8,0.2,0.1,0,,0,1,8,5,3.0,1,0,1,11.25,10.54,2022,playing_time
ENG-Premier League,2022/23,Liverpool,Calvin Ramsay,SCO,DF,19,2003,0,,,,,0,,0,0,,1,,,,,,,2022,playing_time
ENG-Premier League,2022/23,Liverpool,Caoimhín Kelleher,IRL,GK,23,1998,1,90,90,2.6,1.0,1,90,1,0,,28,1.0,4,4,0,0.0,-0.76,2022,playing_time
ENG-Premier League,2022/23,Liverpool,Cody Gakpo,NED,FW,23,1999,21,1458,69,42.6,16.2,17,81,6,4,22,0,1.86,32,19,13,0.8,0.11,2022,playing_time
ENG-Premier League,2022/23,Liverpool,Curtis Jones,ENG,MF,21,2001,18,1035,58,30.3,11.5,12,78,2,6,18,5,1.94,23,15,8,0.7,-0.06,2022,playing_time
ENG-Premier League,2022/23,Liverpool,Darwin Núñez,URU,FW,23,1999,29,1695,58,49.6,18.8,19,78,5,10,21,0,1.9,35,22,13,0.69,-0.09,2022,playing_time
ENG-Premier League,2022/23,Liverpool,Diogo Jota,POR,"FW,MF",25,1996,22,1131,51,33.1,12.6,12,76,2,10,22,0,1.95,24,19,5,0.4,-0.51,2022,playing_time
ENG-Premier League,2022/23,Liverpool,Fabinho,BRA,MF,28,1993,36,2671,74,78.1,29.7,31,82,20,5,23,0,1.78,59,34,25,0.84,0.48,2022,playing_time
ENG-Premier League,2022/23,Liverpool,Fabio Carvalho,POR,"MF,FW",19,2002,13,347,27,10.1,3.9,4,52,0,9,16,18,1.69,9,3,6,1.56,0.91,2022,playing_time
ENG-Premier League,2022/23,Liverpool,Harvey Davies,ENG,GK,18,2003,0,,,,,0,,0,0,,3,,,,,,,2022,playing_time
ENG-Premier League,2022/23,Liverpool,Harvey Elliott,ENG,MF,19,2003,32,1613,50,47.2,17.9,18,72,4,14,22,5,1.66,37,20,17,0.95,0.4,2022,playing_time
ENG-Premier League,2022/23,Liverpool,Ibrahima Konaté,FRA,DF,23,1999,18,1552,86,45.4,17.2,17,90,17,1,22,3,1.72,34,22,12,0.7,-0.08,2022,playing_time
ENG-Premier League,2022/23,Liverpool,James Milner,ENG,"MF,DF",36,1986,31,913,29,26.7,10.1,7,77,3,24,16,3,1.84,17,12,5,0.49,-0.33,2022,playing_time
ENG-Premier League,2022/23,Liverpool,Joe Gomez,ENG,DF,25,1997,21,1466,70,42.9,16.3,15,90,15,6,19,12,1.67,28,16,12,0.74,0.0,2022,playing_time
ENG-Premier League,2022/23,Liverpool,Jordan Henderson,ENG,MF,32,1990,35,2074,59,60.6,23.0,23,78,10,12,23,0,1.8,48,30,18,0.78,0.11,2022,playing_time
ENG-Premier League,2022/23,Liverpool,Joël Matip,CMR,DF,30,1991,14,1092,78,31.9,12.1,12,86,10,2,28,15,1.29,21,20,1,0.08,-0.96,2022,playing_time
ENG-Premier League,2022/23,Liverpool,Kostas Tsimikas,GRE,DF,26,1996,20,771,39,22.5,8.6,9,67,2,11,15,17,1.65,14,11,3,0.35,-0.5,2022,playing_time
ENG-Premier League,2022/23,Liverpool,Luis Díaz,COL,FW,25,1997,17,996,59,29.1,11.1,11,76,5,6,26,0,1.94,28,11,17,1.54,1.13,2022,playing_time
ENG-Premier League,2022/23,Liverpool,Luke Chambers,ENG,"DF,MF",18,2004,0,,,,,0,,0,0,,1,,,,,,,2022,playing_time
ENG-Premier League,2022/23,Liverpool,Mohamed Salah,EGY,FW,30,1992,38,3290,87,96.2,36.6,37,88,29,1,26,0,1.76,74,45,29,0.79,1.49,2022,playing_time
ENG-Premier League,2022/23,Liverpool,Naby Keïta,GUI,MF,27,1995,8,293,37,8.6,3.3,3,57,0,5,24,2,1.38,2,4,-2,-0.61,-1.48,2022,playing_time
ENG-Premier League,2022/23,Liverpool,Nathaniel Phillips,ENG,DF,25,1997,2,66,33,1.9,0.7,1,62,0,1,4,16,2.0,1,1,0,0.0,-0.75,2022,playing_time
ENG-Premier League,2022/23,Liverpool,Rhys Williams,ENG,DF,21,2001,0,,,,,0,,0,0,,2,,,,,,,2022,playing_time
ENG-Premier League,2022/23,Liverpool,Roberto Firmino,BRA,FW,30,1991,25,1213,49,35.5,13.5,13,73,3,12,22,0,1.64,28,17,11,0.82,0.12,2022,playing_time
ENG-Premier League,2022/23,Liverpool,Sepp van den Berg,NED,"DF,MF",20,2001,0,,,,,0,,0,0,,4,,,,,,,2022,playing_time
ENG-Premier League,2022/23,Liverpool,Stefan Bajcetic,ESP,MF,17,2004,11,526,48,15.4,5.8,6,78,0,5,12,10,2.09,11,4,7,1.2,0.54,2022,playing_time
ENG-Premier League,2022/23,Liverpool,Thiago Alcántara,ESP,MF,31,1991,18,1254,70,36.7,13.9,14,82,9,4,25,0,1.72,22,23,-1,-0.07,-1.28,2022,playing_time
ENG-Premier League,2022/23,Liverpool,Trent Alexander-Arnold,ENG,DF,23,1998,37,2923,79,85.5,32.5,34,85,23,3,16,1,1.78,70,44,26,0.8,0.44,2022,playing_time
ENG-Premier League,2022/23,Liverpool,Virgil van Dijk,NED,DF,31,1991,32,2835,89,82.9,31.5,32,89,31,0,,1,1.91,68,36,32,1.02,1.63,2022,playing_time
ENG-Premier League,2022/23,Manchester City,Alex Robertson,AUS,MF,19,2003,0,,,,,0,,0,0,,2,,,,,,,2022,playing_time
ENG-Premier League,2022/23,Manchester City,Aymeric Laporte,ESP,"DF,MF",28,1994,12,993,83,29.0,11.0,11,89,10,1,16,15,2.33,21,10,11,1.0,-0.86,2022,playing_time
ENG-Premier League,2022/23,Manchester City,Ben Knight,ENG,MF,20,2002,0,,,,,0,,0,0,,4,,,,,,,2022,playing_time
ENG-Premier League,2022/23,Manchester City,Bernardo Silva,POR,"MF,FW",27,1994,34,2205,65,64.5,24.5,24,85,16,10,16,4,2.35,61,24,37,1.51,-0.27,2022,playing_time
ENG-Premier League,2022/23,Manchester City,Claudio Gomes,FRA,MF,22,2000,0,,,,,0,,0,0,,2,,,,,,,2022,playing_time
ENG-Premier League,2022/23,Manchester City,Cole Palmer,ENG,"MF,FW",20,2002,14,370,26,10.8,4.1,2,90,2,12,16,17,2.64,3,4,-1,-0.24,-2.07,2022,playing_time
ENG-Premier League,2022/23,Manchester City,Ederson Moraes,BRA,GK,28,1993,35,3150,90,92.1,35.0,35,90,35,0,,3,2.34,89,32,57,1.63,0.3,2022,playing_time
ENG-Premier League,2022/23,Manchester City,Erling Haaland,NOR,"FW,MF",22,2000,35,2769,79,81.0,30.8,33,83,21,2,22,1,2.37,84,26,58,1.89,1.47,2022,playing_time
ENG-Premier League,2022/23,Manchester City,Jack Grealish,ENG,"FW,MF",26,1995,28,2055,73,60.1,22.8,23,83,11,5,31,5,2.64,63,17,46,2.01,1.03,2022,playing_time
ENG-Premier League,2022/23,Manchester City,John Stones,ENG,"DF,MF",28,1994,23,1846,80,54.0,20.5,21,85,16,2,31,6,2.52,52,17,35,1.71,0.22,2022,playing_time
ENG-Premier League,2022/23,Manchester City,Josh Wilson-Esbrand,ENG,DF,19,2002,0,,,,,0,,0,0,,8,,,,,,,2022,playing_time
ENG-Premier League,2022/23,Manchester City,João Cancelo,POR,DF,28,1994,17,1274,75,37.3,14.2,16,78,10,1,23,3,2.24,36,15,21,1.48,-0.19,2022,playing_time
ENG-Premier League,2022/23,Manchester City,Julián Álvarez,ARG,"MF,FW",22,2000,31,1465,47,42.8,16.3,13,85,8,18,20,6,2.42,37,16,21,1.29,-0.55,2022,playing_time
ENG-Premier League,2022/23,Manchester City,Kalvin Phillips,ENG,"MF,DF",26,1995,12,300,25,8.8,3.3,2,90,2,10,12,15,2.58,1,3,-2,-0.6,-2.42,2022,playing_time
ENG-Premier League,2022/23,Manchester City,Kevin De Bruyne,BEL,MF,31,1991,32,2417,76,70.7,26.9,28,84,16,4,20,3,2.31,69,23,46,1.71,0.37,2022,playing_time
ENG-Premier League,2022/23,Manchester City,Kyle Walker,ENG,"DF,MF",32,1990,27,1958,73,57.3,21.8,22,85,18,5,19,5,2.37,54,20,34,1.56,-0.1,2022,playing_time
ENG-Premier League,2022/23,Manchester City,Liam Delap,ENG,FW,19,2003,0,,,,,0,,0,0,,1,,,,,,,2022,playing_time
ENG-Premier League,2022/23,Manchester City,Luke Mbete-Tatu,ENG,DF,18,2003,0,,,,,0,,0,0,,2,,,,,,,2022,playing_time
ENG-Premier League,2022/23,Manchester City,Manuel Akanji,SUI,"DF,MF",27,1995,29,2287,79,66.9,25.4,24,88,22,5,36,1,2.52,63,23,40,1.57,-0.09,2022,playing_time
ENG-Premier League,2022/23,Manchester City,Máximo Perrone,ARG,MF,19,2003,1,19,19,0.6,0.2,0,,0,1,19,4,3.0,0,1,-1,-4.74,-6.38,2022,playing_time
ENG-Premier League,2022/23,Manchester City,Nathan Aké,NED,DF,27,1995,26,1873,72,54.8,20.8,22,82,16,4,16,4,2.23,53,15,38,1.83,0.49,2022,playing_time
ENG-Premier League,2022/23,Manchester City,Nico O'Reilly,ENG,"DF,MF",17,2005,0,,,,,0,,0,0,,1,,,,,,,2022,playing_time
ENG-Premier League,2022/23,Manchester City,Phil Foden,ENG,"FW,MF",22,2000,32,1842,58,53.9,20.5,22,77,11,10,15,1,2.31,49,15,34,1.66,0.12,2022,playing_time
ENG-Premier League,2022/23,Manchester City,Rico Lewis,ENG,"DF,MF",17,2004,14,903,65,26.4,10.0,10,82,6,4,21,23,2.29,18,8,10,1.0,-0.83,2022,playing_time
ENG-Premier League,2022/23,Manchester City,Riyad Mahrez,ALG,"MF,FW",31,1991,30,1920,64,56.1,21.3,22,80,11,8,20,8,2.5,51,23,28,1.31,-0.67,2022,playing_time
ENG-Premier League,2022/23,Manchester City,Rodri,ESP,"MF,DF",26,1996,36,2911,81,85.1,32.3,34,85,23,2,7,1,2.39,83,26,57,1.76,1.06,2022,playing_time
ENG-Premier League,2022/23,Manchester City,Rúben Dias,POR,"DF,MF",25,1997,26,1998,77,58.4,22.2,22,87,19,4,23,6,2.65,65,16,49,2.21,1.45,2022,playing_time
ENG-Premier League,2022/23,Manchester City,Scott Carson,ENG,GK,36,1985,0,,,,,0,,0,0,,5,,,,,,,2022,playing_time
ENG-Premier League,2022/23,Manchester City,Sergio Gómez,ESP,"MF,FW",21,2000,12,349,29,10.2,3.9,2,84,1,10,18,20,2.58,5,6,-1,-0.26,-2.07,2022,playing_time
ENG-Premier League,2022/23,Manchester City,Shea Charles,NIR,"DF,MF",18,2003,1,28,28,0.8,0.3,0,,0,1,28,1,0.0,0,1,-1,-3.21,-4.86,2022,playing_time
ENG-Premier League,2022/23,Manchester City,Stefan Ortega,GER,GK,29,1992,3,270,90,7.9,3.0,3,90,3,0,,35,2.33,5,1,4,1.33,-0.3,2022,playing_time
ENG-Premier League,2022/23,Manchester City,İlkay Gündoğan,GER,MF,31,1990,31,2353,76,68.8,26.1,27,85,17,4,15,7,2.39,70,20,50,1.91,0.98,2022,playing_time
ENG-Premier League,2022/23,Manchester Utd,Aaron Wan-Bissaka,COD,DF,24,1997,19,1435,76,42.0,15.9,16,87,12,3,15,7,2.21,28,10,18,1.13,1.26,2022,playing_time
ENG-Premier League,2022/23,Manchester Utd,Alejandro Garnacho,ARG,MF,18,2004,19,569,30,16.6,6.3,5,56,0,14,21,9,2.05,16,13,3,0.47,0.1,2022,playing_time
ENG-Premier League,2022/23,Manchester Utd,Anthony Elanga,SWE,MF,20,2002,16,426,27,12.5,4.7,5,59,0,11,12,11,2.13,8,2,6,1.27,1.0,2022,playing_time
ENG-Premier League,2022/23,Manchester Utd,Anthony Martial,FRA,FW,26,1995,21,978,47,28.6,10.9,11,64,0,10,28,0,2.19,16,8,8,0.74,0.48,2022,playing_time
ENG-Premier League,2022/23,Manchester Utd,Antony,BRA,MF,22,2000,25,1802,72,52.7,20.0,23,76,6,2,30,0,1.88,29,21,8,0.4,0.01,2022,playing_time
ENG-Premier League,2022/23,Manchester Utd,Brandon Williams,ENG,DF,21,2000,0,,,,,0,,0,0,,7,,,,,,,2022,playing_time
ENG-Premier League,2022/23,Manchester Utd,Bruno Fernandes,POR,MF,27,1994,37,3316,90,97.0,36.8,37,90,33,0,,0,2.03,57,39,18,0.49,3.08,2022,playing_time
ENG-Premier League,2022/23,Manchester Utd,Casemiro,BRA,MF,30,1992,28,2124,76,62.1,23.6,24,85,18,4,22,0,2.11,37,21,16,0.68,0.75,2022,playing_time
ENG-Premier League,2022/23,Manchester Utd,Christian Eriksen,DEN,MF,30,1992,28,2048,73,59.9,22.8,25,80,7,3,14,1,2.14,33,25,8,0.35,-0.11,2022,playing_time
ENG-Premier League,2022/23,Manchester Utd,Cristiano Ronaldo,POR,FW,37,1985,10,525,53,15.4,5.8,4,85,3,6,31,2,1.9,6,8,-2,-0.34,-0.87,2022,playing_time
ENG-Premier League,2022/23,Manchester Utd,David de Gea,ESP,GK,31,1990,38,3420,90,100.0,38.0,38,90,38,0,,0,1.97,58,43,15,0.39,,2022,playing_time
ENG-Premier League,2022/23,Manchester Utd,Diogo Dalot,POR,DF,23,1999,26,2154,83,63.0,23.9,24,89,21,2,13,6,1.77,32,34,-2,-0.08,-1.29,2022,playing_time
ENG-Premier League,2022/23,Manchester Utd,Donny van de Beek,NED,MF,25,1997,7,167,24,4.9,1.9,2,55,0,5,12,4,1.71,3,3,0,0.0,-0.42,2022,playing_time
ENG-Premier League,2022/23,Manchester Utd,Facundo Pellistri,URU,"FW,MF",20,2001,4,64,16,1.9,0.7,0,,0,4,16,19,1.25,2,1,1,1.41,1.03,2022,playing_time
ENG-Premier League,2022/23,Manchester Utd,Fred,BRA,MF,29,1993,35,1249,36,36.5,13.9,12,74,6,23,16,3,1.97,24,22,2,0.14,-0.39,2022,playing_time
ENG-Premier League,2022/23,Manchester Utd,Harry Maguire,ENG,DF,29,1993,16,767,48,22.4,8.5,8,90,8,8,6,15,2.5,15,7,8,0.94,0.7,2022,playing_time
ENG-Premier League,2022/23,Manchester Utd,Jack Butland,ENG,GK,29,1993,0,,,,,0,,0,0,,12,,,,,,,2022,playing_time
ENG-Premier League,2022/23,Manchester Utd,Jadon Sancho,ENG,MF,22,2000,26,1686,65,49.3,18.7,21,74,4,5,28,4,1.92,30,18,12,0.64,0.48,2022,playing_time
ENG-Premier League,2022/23,Manchester Utd,James Garner,ENG,MF,21,2001,0,,,,,0,,0,0,,2,,,,,,,2022,playing_time
ENG-Premier League,2022/23,Manchester Utd,Kobbie Mainoo,ENG,MF,17,2005,1,11,11,0.3,0.1,0,,0,1,11,7,3.0,0,0,0,0.0,-0.4,2022,playing_time
ENG-Premier League,2022/23,Manchester Utd,Lisandro Martínez,ARG,DF,24,1998,27,2114,78,61.8,23.5,24,87,19,3,11,0,1.85,35,33,2,0.09,-0.81,2022,playing_time
ENG-Premier League,2022/23,Manchester Utd,Luke Shaw,ENG,DF,27,1995,31,2552,82,74.6,28.4,30,84,24,1,45,4,1.74,43,35,8,0.28,-0.44,2022,playing_time
ENG-Premier League,2022/23,Manchester Utd,Marc Jurado,ESP,DF,18,2004,0,,,,,0,,0,0,,1,,,,,,,2022,playing_time
ENG-Premier League,2022/23,Manchester Utd,Marcel Sabitzer,AUT,MF,28,1994,11,627,57,18.3,7.0,7,81,2,4,14,1,1.73,11,7,4,0.57,0.22,2022,playing_time
ENG-Premier League,2022/23,Manchester Utd,Marcus Rashford,ENG,"FW,MF",24,1997,35,2879,82,84.2,32.0,32,86,19,3,42,0,1.89,48,39,9,0.28,-0.72,2022,playing_time
ENG-Premier League,2022/23,Manchester Utd,Martin Dúbravka,SVK,GK,33,1989,0,,,,,0,,0,0,,4,,,,,,,2022,playing_time
ENG-Premier League,2022/23,Manchester Utd,Matej Kovar,CZE,GK,22,2000,0,,,,,0,,0,0,,1,,,,,,,2022,playing_time
ENG-Premier League,2022/23,Manchester Utd,Nathan Bishop,ENG,GK,22,1999,0,,,,,0,,0,0,,4,,,,,,,2022,playing_time
ENG-Premier League,2022/23,Manchester Utd,Raphaël Varane,FRA,DF,29,1993,24,1911,80,55.9,21.2,22,85,16,2,23,6,1.96,28,22,6,0.28,-0.25,2022,playing_time
ENG-Premier League,2022/23,Manchester Utd,Rhys Bennett,ENG,DF,18,2003,0,,,,,0,,0,0,,1,,,,,,,2022,playing_time
ENG-Premier League,2022/23,Manchester Utd,Scott McTominay,SCO,MF,25,1996,24,1160,48,33.9,12.9,10,85,7,14,22,2,2.0,17,20,-3,-0.23,-0.95,2022,playing_time
ENG-Premier League,2022/23,Manchester Utd,Shola Shoretire,ENG,"FW,MF",18,2004,0,,,,,0,,0,0,,1,,,,,,,2022,playing_time
ENG-Premier League,2022/23,Manchester Utd,Tom Heaton,ENG,GK,36,1986,0,,,,,0,,0,0,,23,,,,,,,2022,playing_time
ENG-Premier League,2022/23,Manchester Utd,Tyrell Malacia,NED,DF,22,1999,22,1396,63,40.8,15.5,14,84,10,8,27,15,2.0,22,14,8,0.52,0.2,2022,playing_time
ENG-Premier League,2022/23,Manchester Utd,Victor Lindelöf,SWE,DF,28,1994,20,1365,68,39.9,15.2,14,90,13,6,18,10,1.95,29,16,13,0.86,0.77,2022,playing_time
ENG-Premier League,2022/23,Manchester Utd,Wout Weghorst,NED,"FW,MF",29,1992,17,797,47,23.3,8.9,10,67,3,7,18,3,1.65,11,11,0,0.0,-0.51,2022,playing_time
ENG-Premier League,2022/23,Manchester Utd,Zidane Iqbal,IRQ,MF,19,2003,0,,,,,0,,0,0,,7,,,,,,,2022,playing_time
ENG-Premier League,2022/23,Newcastle,Alexander Isak,SWE,FW,22,1999,22,1522,69,44.5,16.9,17,83,7,5,23,0,1.68,28,20,8,0.47,-0.81,2022,playing_time
ENG-Premier League,2022/23,Newcastle,Allan Saint-Maximin,FRA,FW,25,1997,25,1120,45,32.7,12.4,12,75,2,13,17,1,1.76,19,14,5,0.4,-0.77,2022,playing_time
ENG-Premier League,2022/23,Newcastle,Anthony Gordon,ENG,"FW,MF",21,2001,16,487,30,14.2,5.4,4,57,0,12,22,0,1.63,7,5,2,0.37,-0.64,2022,playing_time
ENG-Premier League,2022/23,Newcastle,Bruno Guimarães,BRA,MF,24,1997,32,2726,85,79.7,30.3,32,85,23,0,,0,2.09,61,25,36,1.19,1.32,2022,playing_time
ENG-Premier League,2022/23,Newcastle,Callum Wilson,ENG,FW,30,1992,31,1877,61,54.9,20.9,21,76,2,10,28,1,1.97,44,16,28,1.34,0.93,2022,playing_time
ENG-Premier League,2022/23,Newcastle,Chris Wood,NZL,FW,30,1991,18,446,25,13.0,5.0,4,72,0,14,11,1,1.94,8,3,5,1.01,0.1,2022,playing_time
ENG-Premier League,2022/23,Newcastle,Dan Burn,ENG,DF,30,1992,38,3111,82,91.0,34.6,35,87,27,3,17,0,1.87,64,30,34,0.98,0.69,2022,playing_time
ENG-Premier League,2022/23,Newcastle,Elliot Anderson,ENG,MF,19,2002,22,410,19,12.0,4.6,3,58,0,19,12,12,1.82,8,7,1,0.22,-0.8,2022,playing_time
ENG-Premier League,2022/23,Newcastle,Emil Krafth,SWE,DF,27,1994,1,1,1,0.0,0.0,0,,0,1,1,0,1.0,0,0,0,0.0,-0.92,2022,playing_time
ENG-Premier League,2022/23,Newcastle,Fabian Schär,SUI,DF,30,1991,36,3206,89,93.7,35.6,36,89,32,0,,1,1.97,67,28,39,1.09,2.78,2022,playing_time
ENG-Premier League,2022/23,Newcastle,Harrison Ashby,SCO,"DF,MF",20,2001,0,,,,,0,,0,0,,2,,,,,,,2022,playing_time
ENG-Premier League,2022/23,Newcastle,Jacob Murphy,ENG,FW,27,1995,36,1251,35,36.6,13.9,14,67,1,22,14,1,1.86,29,12,17,1.22,0.48,2022,playing_time
ENG-Premier League,2022/23,Newcastle,Jamaal Lascelles,ENG,DF,28,1993,7,218,31,6.4,2.4,2,90,2,5,8,21,1.89,2,5,-3,-1.24,-2.31,2022,playing_time
ENG-Premier League,2022/23,Newcastle,Jamal Lewis,NIR,"DF,MF",24,1998,2,11,6,0.3,0.1,0,,0,2,6,20,2.0,0,1,-1,-8.18,-9.13,2022,playing_time
ENG-Premier League,2022/23,Newcastle,Javier Manquillo,ESP,DF,28,1994,4,37,9,1.1,0.4,0,,0,4,9,24,3.0,2,1,1,2.43,1.53,2022,playing_time
ENG-Premier League,2022/23,Newcastle,Joe Willock,ENG,MF,22,1999,35,2558,73,74.8,28.4,31,79,8,4,28,0,1.97,56,26,30,1.06,0.53,2022,playing_time
ENG-Premier League,2022/23,Newcastle,Joelinton,BRA,"MF,FW",25,1996,32,2661,83,77.8,29.6,30,87,25,2,24,1,1.78,50,26,24,0.81,-0.49,2022,playing_time
ENG-Premier League,2022/23,Newcastle,Jonjo Shelvey,ENG,MF,30,1992,3,37,12,1.1,0.4,0,,0,3,12,3,3.0,1,1,0,0.0,-0.93,2022,playing_time
ENG-Premier League,2022/23,Newcastle,Karl Darlow,WAL,GK,31,1990,0,,,,,0,,0,0,,7,,,,,,,2022,playing_time
ENG-Premier League,2022/23,Newcastle,Kieran Trippier,ENG,DF,31,1990,38,3341,88,97.7,37.1,38,88,31,0,,0,1.87,64,31,33,0.89,-1.39,2022,playing_time
ENG-Premier League,2022/23,Newcastle,Lewis Miley,ENG,MF,16,2006,1,15,15,0.4,0.2,0,,0,1,15,3,1.0,0,0,0,0.0,-0.93,2022,playing_time
ENG-Premier League,2022/23,Newcastle,Loris Karius,GER,GK,29,1993,0,,,,,0,,0,0,,8,,,,,,,2022,playing_time
ENG-Premier League,2022/23,Newcastle,Mark Gillespie,ENG,GK,30,1992,0,,,,,0,,0,0,,1,,,,,,,2022,playing_time
ENG-Premier League,2022/23,Newcastle,Martin Dúbravka,SVK,GK,33,1989,2,157,79,4.6,1.7,1,90,1,1,67,22,0.5,1,1,0,0.0,-0.97,2022,playing_time
ENG-Premier League,2022/23,Newcastle,Matt Ritchie,SCO,"DF,MF",32,1989,7,39,6,1.1,0.4,0,,0,7,6,18,2.29,1,0,1,2.31,1.4,2022,playing_time
ENG-Premier League,2022/23,Newcastle,Matt Targett,ENG,DF,26,1995,17,610,36,17.8,6.8,6,82,3,11,11,12,1.71,9,6,3,0.44,-0.58,2022,playing_time
ENG-Premier League,2022/23,Newcastle,Miguel Almirón,PAR,FW,28,1994,34,2491,73,72.8,27.7,29,81,6,5,26,0,1.74,42,22,20,0.72,-0.73,2022,playing_time
ENG-Premier League,2022/23,Newcastle,Nick Pope,ENG,GK,30,1992,37,3261,88,95.4,36.2,37,88,36,0,,0,1.89,67,32,35,0.97,0.97,2022,playing_time
ENG-Premier League,2022/23,Newcastle,Paul Dummett,WAL,DF,30,1991,0,,,,,0,,0,0,,16,,,,,,,2022,playing_time
ENG-Premier League,2022/23,Newcastle,Ryan Fraser,SCO,FW,28,1994,8,313,39,9.2,3.5,3,67,0,5,22,8,1.63,3,3,0,0.0,-1.01,2022,playing_time
ENG-Premier League,2022/23,Newcastle,Sean Longstaff,ENG,MF,24,1997,33,2518,76,73.6,28.0,28,87,24,5,18,0,1.91,48,18,30,1.07,0.57,2022,playing_time
ENG-Premier League,2022/23,Newcastle,Sven Botman,NED,DF,22,2000,36,3127,87,91.4,34.7,35,89,33,1,1,2,1.94,64,30,34,0.98,0.67,2022,playing_time
ENG-Premier League,2022/23,Nottingham,Alex Mighten,ENG,"FW,MF",20,2002,1,8,8,0.2,0.1,0,,0,1,8,5,0.0,0,0,0,0.0,0.79,2022,playing_time
ENG-Premier League,2022/23,Nottingham,André Ayew,GHA,FW,32,1989,13,316,24,9.2,3.5,1,78,0,12,20,5,0.69,5,10,-5,-1.42,-0.7,2022,playing_time
ENG-Premier League,2022/23,Nottingham,Brennan Johnson,WAL,"FW,MF",21,2001,38,2934,77,85.8,32.6,33,86,21,5,20,0,1.0,30,54,-24,-0.74,0.37,2022,playing_time
ENG-Premier League,2022/23,Nottingham,Cafú,POR,MF,29,1993,1,7,7,0.2,0.1,0,,0,1,7,1,3.0,0,0,0,0.0,0.79,2022,playing_time
ENG-Premier League,2022/23,Nottingham,Cheikhou Kouyaté,SEN,"MF,DF",32,1989,21,882,42,25.8,9.8,10,68,1,11,18,1,1.05,9,23,-14,-1.43,-0.86,2022,playing_time
ENG-Premier League,2022/23,Nottingham,Chris Wood,NZL,FW,30,1991,7,372,53,10.9,4.1,5,71,0,2,9,0,0.86,3,6,-3,-0.73,0.07,2022,playing_time
ENG-Premier League,2022/23,Nottingham,Dale Taylor,NIR,"FW,MF",18,2003,0,,,,,0,,0,0,,1,,,,,,,2022,playing_time
ENG-Premier League,2022/23,Nottingham,Danilo Santos,BRA,MF,21,2001,13,976,75,28.5,10.8,12,78,5,1,46,3,1.23,17,18,-1,-0.09,0.98,2022,playing_time
ENG-Premier League,2022/23,Nottingham,Dean Henderson,ENG,GK,25,1997,18,1620,90,47.4,18.0,18,90,18,0,,0,1.11,15,31,-16,-0.89,-0.19,2022,playing_time
ENG-Premier League,2022/23,Nottingham,Emmanuel Dennis,NGA,"MF,FW",24,1997,19,720,38,21.1,8.0,6,72,0,13,22,12,0.26,7,17,-10,-1.25,-0.58,2022,playing_time
ENG-Premier League,2022/23,Nottingham,Felipe,BRA,DF,33,1989,16,1418,89,41.5,15.8,15,89,13,1,84,1,0.81,20,32,-12,-0.76,0.05,2022,playing_time
ENG-Premier League,2022/23,Nottingham,George Shelvey,ENG,GK,21,2001,0,,,,,0,,0,0,,2,,,,,,,2022,playing_time
ENG-Premier League,2022/23,Nottingham,Giulian Biancone,FRA,"DF,MF",22,2000,2,17,9,0.5,0.2,0,,0,2,9,8,0.5,0,1,-1,-5.29,-4.53,2022,playing_time
ENG-Premier League,2022/23,Nottingham,Gustavo Scarpa,BRA,MF,28,1994,6,181,30,5.3,2.0,2,55,0,4,18,3,1.17,1,1,0,0.0,0.83,2022,playing_time
ENG-Premier League,2022/23,Nottingham,Harry Toffolo,ENG,"DF,MF",26,1995,19,940,49,27.5,10.4,9,86,7,10,16,10,1.0,7,17,-10,-0.96,-0.23,2022,playing_time
ENG-Premier League,2022/23,Nottingham,Jack Colback,ENG,MF,32,1989,11,497,45,14.5,5.5,4,77,2,7,27,7,1.36,3,11,-8,-1.45,-0.77,2022,playing_time
ENG-Premier League,2022/23,Nottingham,Jesse Lingard,ENG,"MF,FW",29,1992,17,923,54,27.0,10.3,12,70,2,5,16,12,0.71,8,17,-9,-0.88,-0.12,2022,playing_time
ENG-Premier League,2022/23,Nottingham,Joe Worrall,ENG,DF,25,1997,30,2224,74,65.0,24.7,21,89,20,9,40,8,1.1,26,44,-18,-0.73,0.17,2022,playing_time
ENG-Premier League,2022/23,Nottingham,Jonjo Shelvey,ENG,MF,30,1992,8,540,68,15.8,6.0,6,78,2,2,35,2,0.25,4,9,-5,-0.83,-0.05,2022,playing_time
ENG-Premier League,2022/23,Nottingham,Jordan Smith,ENG,GK,27,1994,0,,,,,0,,0,0,,2,,,,,,,2022,playing_time
ENG-Premier League,2022/23,Nottingham,Keylor Navas,CRC,GK,35,1986,17,1529,90,44.7,17.0,17,90,16,0,,0,0.94,21,32,-11,-0.65,0.26,2022,playing_time
ENG-Premier League,2022/23,Nottingham,Lewis O'Brien,ENG,MF,23,1998,13,584,45,17.1,6.5,6,77,3,7,17,2,0.92,5,14,-9,-1.39,-0.72,2022,playing_time
ENG-Premier League,2022/23,Nottingham,Loïc Bade,FRA,DF,22,2000,0,,,,,0,,0,0,,1,,,,,,,2022,playing_time
ENG-Premier League,2022/23,Nottingham,Loïc Mbe Soh,FRA,DF,21,2001,0,,,,,0,,0,0,,2,,,,,,,2022,playing_time
ENG-Premier League,2022/23,Nottingham,Lyle Taylor,MSR,FW,32,1990,0,,,,,0,,0,0,,2,,,,,,,2022,playing_time
ENG-Premier League,2022/23,Nottingham,Morgan Gibbs-White,ENG,"MF,FW",22,2000,35,2971,85,86.9,33.0,34,87,26,1,30,0,1.0,37,59,-22,-0.67,0.94,2022,playing_time
ENG-Premier League,2022/23,Nottingham,Moussa Niakhaté,SEN,DF,26,1996,14,1163,83,34.0,12.9,14,83,11,0,,1,1.07,15,22,-7,-0.54,0.38,2022,playing_time
ENG-Premier League,2022/23,Nottingham,Neco Williams,WAL,"DF,MF",21,2001,31,1882,61,55.0,20.9,20,85,15,11,16,2,0.94,18,41,-23,-1.1,-0.69,2022,playing_time
ENG-Premier League,2022/23,Nottingham,Oliver Hammond,WAL,MF,19,2002,0,,,,,0,,0,0,,3,,,,,,,2022,playing_time
ENG-Premier League,2022/23,Nottingham,Orel Mangala,BEL,MF,24,1998,27,1550,57,45.3,17.2,20,70,5,7,20,5,1.19,22,24,-2,-0.12,1.23,2022,playing_time
ENG-Premier League,2022/23,Nottingham,Remo Freuler,SUI,MF,30,1992,28,2161,77,63.2,24.0,24,84,16,4,38,8,0.82,17,47,-30,-1.25,-1.25,2022,playing_time
ENG-Premier League,2022/23,Nottingham,Renan Lodi,BRA,"DF,MF",24,1998,28,2214,79,64.7,24.6,26,83,16,2,25,2,1.11,29,48,-19,-0.77,0.05,2022,playing_time
ENG-Premier League,2022/23,Nottingham,Ryan Yates,ENG,MF,24,1997,26,1837,71,53.7,20.4,21,81,14,5,27,0,1.04,22,36,-14,-0.69,0.22,2022,playing_time
ENG-Premier League,2022/23,Nottingham,Sam Surridge,ENG,FW,24,1998,20,323,16,9.4,3.6,1,62,0,19,14,16,1.15,5,5,0,0.0,0.87,2022,playing_time
ENG-Premier League,2022/23,Nottingham,Scott McKenna,SCO,DF,25,1996,20,1571,79,45.9,17.5,19,82,16,1,16,5,0.85,14,32,-18,-1.03,-0.45,2022,playing_time
ENG-Premier League,2022/23,Nottingham,Serge Aurier,CIV,"DF,MF",29,1992,24,1943,81,56.8,21.6,22,84,16,2,45,0,1.38,24,31,-7,-0.32,1.08,2022,playing_time
ENG-Premier League,2022/23,Nottingham,Steve Cook,ENG,DF,31,1991,12,957,80,28.0,10.6,11,86,8,1,12,7,0.83,7,21,-14,-1.32,-0.73,2022,playing_time
ENG-Premier League,2022/23,Nottingham,Taiwo Awoniyi,NGA,FW,24,1997,27,1404,52,41.1,15.6,17,71,0,10,19,2,0.93,19,29,-10,-0.64,0.25,2022,playing_time
ENG-Premier League,2022/23,Nottingham,Wayne Hennessey,WAL,GK,35,1987,4,271,68,7.9,3.0,3,90,3,1,1,33,1.25,2,5,-3,-1.0,-0.22,2022,playing_time
ENG-Premier League,2022/23,Nottingham,Willy Boly,CIV,DF,31,1991,11,685,62,20.0,7.6,9,74,5,2,11,9,1.64,6,10,-4,-0.53,0.33,2022,playing_time
ENG-Premier League,2022/23,Southampton,Adam Armstrong,ENG,"MF,FW",25,1997,30,1335,45,39.0,14.8,14,73,0,16,20,4,0.8,17,24,-7,-0.47,0.82,2022,playing_time
ENG-Premier League,2022/23,Southampton,Ainsley Maitland-Niles,ENG,"DF,MF",24,1997,22,1407,64,41.1,15.6,13,86,7,9,32,5,0.64,16,31,-15,-0.96,0.02,2022,playing_time
ENG-Premier League,2022/23,Southampton,Alex McCarthy,ENG,GK,32,1989,6,540,90,15.8,6.0,6,90,6,0,,21,0.17,9,17,-8,-1.33,-0.43,2022,playing_time
ENG-Premier League,2022/23,Southampton,Armel Bella Kotchap,GER,DF,20,2001,24,1879,78,54.9,20.9,24,78,18,0,,2,0.71,18,39,-21,-1.01,-0.07,2022,playing_time
ENG-Premier League,2022/23,Southampton,Carlos Alcaraz,ARG,"MF,FW",19,2002,18,1029,57,30.1,11.4,13,70,2,5,24,2,0.72,15,25,-10,-0.87,0.14,2022,playing_time
ENG-Premier League,2022/23,Southampton,Ché Adams,SCO,FW,26,1996,28,1992,71,58.2,22.1,23,82,13,5,22,1,0.71,18,41,-23,-1.04,-0.16,2022,playing_time
ENG-Premier League,2022/23,Southampton,Dominic Ballard,ENG,FW,17,2005,2,26,13,0.8,0.3,0,,0,2,13,0,0.5,0,0,0,0.0,0.98,2022,playing_time
ENG-Premier League,2022/23,Southampton,Duje Ćaleta-Car,CRO,DF,25,1996,13,946,73,27.7,10.5,9,86,7,4,44,13,0.69,8,15,-7,-0.67,0.43,2022,playing_time
ENG-Premier League,2022/23,Southampton,Gavin Bazunu,IRL,GK,20,2002,32,2880,90,84.2,32.0,32,90,32,0,,6,0.75,27,56,-29,-0.91,0.43,2022,playing_time
ENG-Premier League,2022/23,Southampton,Ibrahima Diallo,FRA,MF,23,1999,18,819,46,23.9,9.1,11,67,4,7,12,12,0.83,5,19,-14,-1.54,-0.74,2022,playing_time
ENG-Premier League,2022/23,Southampton,Jack Stephens,ENG,DF,28,1994,2,46,23,1.3,0.5,0,,0,2,23,0,0.5,0,2,-2,-3.91,-2.98,2022,playing_time
ENG-Premier League,2022/23,Southampton,James Bree,ENG,DF,24,1997,5,367,73,10.7,4.1,4,84,2,1,32,1,0.2,6,12,-6,-1.47,-0.56,2022,playing_time
ENG-Premier League,2022/23,Southampton,James Ward-Prowse,ENG,MF,27,1994,38,3371,89,98.6,37.5,38,89,36,0,,0,0.66,36,72,-36,-0.96,0.88,2022,playing_time
ENG-Premier League,2022/23,Southampton,Jan Bednarek,POL,DF,26,1996,20,1672,84,48.9,18.6,20,84,17,0,,3,0.55,16,39,-23,-1.24,-0.52,2022,playing_time
ENG-Premier League,2022/23,Southampton,Jimmy Morgan,ENG,"FW,MF",16,2006,0,,,,,0,,0,0,,1,,,,,,,2022,playing_time
ENG-Premier League,2022/23,Southampton,Joe Aribo,NGA,"MF,FW",26,1996,21,1224,58,35.8,13.6,13,77,3,8,28,8,0.57,13,24,-11,-0.81,0.26,2022,playing_time
ENG-Premier League,2022/23,Southampton,Juan Larios,ESP,DF,18,2004,5,152,30,4.4,1.7,2,46,0,3,20,4,0.6,1,2,-1,-0.59,0.4,2022,playing_time
ENG-Premier League,2022/23,Southampton,Kamaldeen Sulemana,GHA,"FW,MF",20,2002,18,966,54,28.2,10.7,10,76,2,8,26,0,0.56,11,20,-9,-0.84,0.19,2022,playing_time
ENG-Premier League,2022/23,Southampton,Kami Doyle,ENG,MF,16,2005,1,7,7,0.2,0.1,0,,0,1,7,1,0.0,0,0,0,0.0,0.98,2022,playing_time
ENG-Premier League,2022/23,Southampton,Kyle Walker-Peters,ENG,"DF,MF",25,1997,31,2650,85,77.5,29.4,30,88,26,1,20,1,0.68,31,58,-27,-0.92,0.25,2022,playing_time
ENG-Premier League,2022/23,Southampton,Lewis Payne,ENG,"DF,MF",18,2004,0,,,,,0,,0,0,,2,,,,,,,2022,playing_time
ENG-Premier League,2022/23,Southampton,Lyanco,BRA,DF,25,1997,21,1180,56,34.5,13.1,11,88,9,10,22,8,0.86,14,26,-12,-0.92,0.09,2022,playing_time
ENG-Premier League,2022/23,Southampton,Mislav Oršić,CRO,"FW,MF",29,1992,1,7,7,0.2,0.1,0,,0,1,7,3,0.0,0,0,0,0.0,0.98,2022,playing_time
ENG-Premier League,2022/23,Southampton,Mohamed Elyounoussi,NOR,MF,27,1994,33,2168,66,63.4,24.1,27,75,9,6,23,4,0.73,23,45,-22,-0.91,0.16,2022,playing_time
ENG-Premier League,2022/23,Southampton,Mohammed Salisu,GHA,DF,23,1999,22,1973,90,57.7,21.9,21,90,20,1,84,4,0.73,20,41,-21,-0.96,0.04,2022,playing_time
ENG-Premier League,2022/23,Southampton,Moussa Djenepo,MLI,"DF,MF",24,1998,16,710,44,20.8,7.9,7,77,2,9,19,10,0.63,7,14,-7,-0.89,0.11,2022,playing_time
ENG-Premier League,2022/23,Southampton,Nathan Redmond,ENG,"FW,MF",28,1994,1,1,1,0.0,0.0,0,,0,1,1,0,0.0,0,0,0,0.0,0.97,2022,playing_time
ENG-Premier League,2022/23,Southampton,Oriol Romeu,ESP,MF,30,1991,1,74,74,2.2,0.8,1,74,0,0,,3,0.0,1,4,-3,-3.65,-2.73,2022,playing_time
ENG-Premier League,2022/23,Southampton,Paul Onuachu,NGA,FW,28,1994,11,407,37,11.9,4.5,4,64,0,7,22,4,0.45,3,7,-4,-0.88,0.1,2022,playing_time
ENG-Premier League,2022/23,Southampton,Romain Perraud,FRA,DF,24,1997,29,1835,63,53.7,20.4,22,78,12,7,16,2,0.59,15,35,-20,-0.98,-0.02,2022,playing_time
ENG-Premier League,2022/23,Southampton,Roméo Lavia,BEL,MF,18,2004,29,2221,77,64.9,24.7,26,82,14,3,30,0,0.69,28,50,-22,-0.89,0.23,2022,playing_time
ENG-Premier League,2022/23,Southampton,Ryan Finnigan,ENG,MF,18,2003,0,,,,,0,,0,0,,2,,,,,,,2022,playing_time
ENG-Premier League,2022/23,Southampton,Samuel Amo-Ameyaw,ENG,"FW,MF",16,2006,1,4,4,0.1,0.0,0,,0,1,4,0,1.0,0,0,0,0.0,0.97,2022,playing_time
ENG-Premier League,2022/23,Southampton,Samuel Edozie,ENG,"MF,FW",19,2003,17,567,33,16.6,6.3,5,69,0,12,19,2,0.29,5,9,-4,-0.63,0.41,2022,playing_time
ENG-Premier League,2022/23,Southampton,Sekou Mara,FRA,FW,20,2002,22,555,25,16.2,6.2,4,58,0,18,18,11,0.73,6,10,-4,-0.65,0.39,2022,playing_time
ENG-Premier League,2022/23,Southampton,Stuart Armstrong,SCO,MF,30,1992,32,1408,44,41.2,15.6,14,70,0,18,24,3,0.56,11,34,-23,-1.47,-0.84,2022,playing_time
ENG-Premier League,2022/23,Southampton,Theo Walcott,ENG,"MF,FW",33,1989,20,1129,56,33.0,12.5,13,72,2,7,28,9,0.55,15,30,-15,-1.2,-0.33,2022,playing_time
ENG-Premier League,2022/23,Southampton,Tino Livramento,ENG,"DF,MF",19,2002,2,28,14,0.8,0.3,0,,0,2,14,0,0.5,0,0,0,0.0,0.98,2022,playing_time
ENG-Premier League,2022/23,Southampton,Willy Caballero,ARG,GK,40,1981,0,,,,,0,,0,0,,11,,,,,,,2022,playing_time
ENG-Premier League,2022/23,Southampton,Yan Valery,TUN,DF,23,1999,1,45,45,1.3,0.5,1,45,0,0,,4,0.0,1,2,-1,-2.0,-1.04,2022,playing_time
ENG-Premier League,2022/23,Tottenham,Alfie Devine,ENG,MF,17,2004,0,,,,,0,,0,0,,5,,,,,,,2022,playing_time
ENG-Premier League,2022/23,Tottenham,Arnaut Danjuma,NED,MF,25,1997,9,169,19,4.9,1.9,1,65,0,8,13,8,0.78,6,5,1,0.53,0.37,2022,playing_time
ENG-Premier League,2022/23,Tottenham,Ben Davies,WAL,"DF,MF",29,1993,31,2288,74,66.9,25.4,26,87,20,5,7,2,1.61,44,33,11,0.43,0.75,2022,playing_time
ENG-Premier League,2022/23,Tottenham,Brandon Austin,ENG,GK,23,1999,0,,,,,0,,0,0,,15,,,,,,,2022,playing_time
ENG-Premier League,2022/23,Tottenham,Bryan Gil,ESP,"MF,FW",21,2001,4,148,37,4.3,1.6,2,69,0,2,5,12,1.5,5,1,4,2.43,2.35,2022,playing_time
ENG-Premier League,2022/23,Tottenham,Clément Lenglet,FRA,DF,27,1995,26,2019,78,59.0,22.4,24,83,14,2,9,11,1.54,45,35,10,0.45,0.64,2022,playing_time
ENG-Premier League,2022/23,Tottenham,Cristian Romero,ARG,DF,24,1998,27,2364,88,69.1,26.3,26,90,24,1,32,0,1.59,46,41,5,0.19,0.02,2022,playing_time
ENG-Premier League,2022/23,Tottenham,Davinson Sánchez,COL,DF,26,1996,18,858,48,25.1,9.5,8,81,5,10,21,20,1.5,18,17,1,0.1,-0.11,2022,playing_time
ENG-Premier League,2022/23,Tottenham,Dejan Kulusevski,SWE,"MF,FW",22,2000,30,2067,69,60.4,23.0,23,81,5,7,28,0,1.6,42,41,1,0.04,-0.36,2022,playing_time
ENG-Premier League,2022/23,Tottenham,Djed Spence,ENG,"DF,MF",21,2000,4,7,2,0.2,0.1,0,,0,4,2,8,1.5,0,0,0,0.0,-0.18,2022,playing_time
ENG-Premier League,2022/23,Tottenham,Emerson,BRA,"MF,DF",23,1999,26,1735,67,50.7,19.3,20,82,12,6,15,2,1.73,34,26,8,0.41,0.47,2022,playing_time
ENG-Premier League,2022/23,Tottenham,Eric Dier,ENG,DF,28,1994,33,2818,85,82.4,31.3,31,90,30,2,19,3,1.73,62,52,10,0.32,0.77,2022,playing_time
ENG-Premier League,2022/23,Tottenham,Fraser Forster,ENG,GK,34,1988,14,1215,87,35.5,13.5,13,90,13,1,45,24,1.29,26,24,2,0.15,-0.06,2022,playing_time
ENG-Premier League,2022/23,Tottenham,George Abbott,ENG,MF,16,2005,1,1,1,0.0,0.0,0,,0,1,1,1,3.0,1,0,1,90.0,89.84,2022,playing_time
ENG-Premier League,2022/23,Tottenham,Harry Kane,ENG,FW,29,1993,38,3405,90,99.6,37.8,38,90,35,0,,0,1.58,70,62,8,0.21,6.21,2022,playing_time
ENG-Premier League,2022/23,Tottenham,Harvey White,ENG,MF,20,2001,1,5,5,0.1,0.1,0,,0,1,5,2,3.0,0,0,0,0.0,-0.18,2022,playing_time
ENG-Premier League,2022/23,Tottenham,Hugo Lloris,FRA,GK,35,1986,25,2205,88,64.5,24.5,25,88,24,0,,1,1.68,44,39,5,0.2,0.06,2022,playing_time
ENG-Premier League,2022/23,Tottenham,Ivan Perišić,CRO,MF,33,1989,34,2108,62,61.6,23.4,23,83,10,11,18,3,1.41,40,44,-4,-0.17,-0.93,2022,playing_time
ENG-Premier League,2022/23,Tottenham,Japhet Tanganga,ENG,DF,23,1999,4,146,37,4.3,1.6,2,71,0,2,3,26,1.25,2,5,-3,-1.85,-2.12,2022,playing_time
ENG-Premier League,2022/23,Tottenham,Lucas Moura,BRA,"FW,MF",29,1992,15,153,10,4.5,1.7,0,,0,15,10,7,1.53,6,4,2,1.18,1.04,2022,playing_time
ENG-Premier League,2022/23,Tottenham,Matt Doherty,IRL,MF,30,1992,12,667,56,19.5,7.4,7,82,2,5,18,9,1.33,12,9,3,0.4,0.27,2022,playing_time
ENG-Premier League,2022/23,Tottenham,Matthew Craig,SCO,MF,19,2003,1,14,14,0.4,0.2,0,,0,1,14,2,3.0,1,0,1,6.43,6.27,2022,playing_time
ENG-Premier League,2022/23,Tottenham,Oliver Skipp,ENG,MF,21,2000,23,1491,65,43.6,16.6,18,82,8,5,5,10,1.43,27,28,-1,-0.06,-0.43,2022,playing_time
ENG-Premier League,2022/23,Tottenham,Pape Matar Sarr,SEN,MF,19,2002,11,218,20,6.4,2.4,2,49,0,9,13,15,1.45,6,10,-4,-1.65,-1.96,2022,playing_time
ENG-Premier League,2022/23,Tottenham,Pedro Porro,ESP,MF,22,1999,15,1131,75,33.1,12.6,13,86,6,2,9,2,1.2,20,26,-6,-0.48,-0.99,2022,playing_time
ENG-Premier League,2022/23,Tottenham,Pierre Højbjerg,DEN,MF,26,1995,35,3131,89,91.5,34.8,35,89,33,0,,0,1.63,64,57,7,0.2,0.2,2022,playing_time
ENG-Premier League,2022/23,Tottenham,Richarlison,BRA,"MF,FW",25,1997,27,1010,37,29.5,11.2,12,65,1,15,15,2,1.59,22,18,4,0.36,0.24,2022,playing_time
ENG-Premier League,2022/23,Tottenham,Rodrigo Bentancur,URU,MF,25,1997,18,1500,83,43.9,16.7,17,86,10,1,33,0,1.89,33,24,9,0.54,0.63,2022,playing_time
ENG-Premier League,2022/23,Tottenham,Romaine Mundle,ENG,MF,19,2003,0,,,,,0,,0,0,,5,,,,,,,2022,playing_time
ENG-Premier League,2022/23,Tottenham,Ryan Sessegnon,ENG,"MF,DF",22,2000,17,813,48,23.8,9.0,9,75,3,8,17,4,1.65,17,15,2,0.22,0.05,2022,playing_time
ENG-Premier League,2022/23,Tottenham,Son Heung-min,KOR,"MF,FW",30,1992,36,2888,80,84.4,32.1,33,85,19,3,22,0,1.58,57,55,2,0.06,-0.78,2022,playing_time
ENG-Premier League,2022/23,Tottenham,Yago Santiago,ESP,"FW,MF",19,2003,0,,,,,0,,0,0,,1,,,,,,,2022,playing_time
ENG-Premier League,2022/23,Tottenham,Yves Bissouma,MLI,MF,25,1996,23,1010,44,29.5,11.2,10,81,4,13,15,2,1.57,20,20,0,0.0,-0.26,2022,playing_time
ENG-Premier League,2022/23,West Ham,Aaron Cresswell,ENG,DF,32,1989,28,2235,80,65.4,24.8,24,88,20,4,29,8,1.11,26,32,-6,-0.24,0.29,2022,playing_time
ENG-Premier League,2022/23,West Ham,Alphonse Areola,FRA,GK,29,1993,5,309,62,9.0,3.4,2,90,2,3,43,30,0.8,5,7,-2,-0.58,-0.26,2022,playing_time
ENG-Premier League,2022/23,West Ham,Angelo Ogbonna,ITA,DF,34,1988,16,1237,77,36.2,13.7,13,88,11,3,33,19,1.13,15,20,-5,-0.36,-0.03,2022,playing_time
ENG-Premier League,2022/23,West Ham,Armstrong Okoflex,IRL,MF,20,2002,0,,,,,0,,0,0,,1,,,,,,,2022,playing_time
ENG-Premier League,2022/23,West Ham,Ben Johnson,ENG,"DF,MF",22,2000,17,866,51,25.3,9.6,9,82,8,8,16,10,1.24,8,13,-5,-0.52,-0.24,2022,playing_time
ENG-Premier League,2022/23,West Ham,Conor Coventry,IRL,MF,22,2000,1,1,1,0.0,0.0,0,,0,1,1,10,0.0,0,0,0,0.0,0.34,2022,playing_time
ENG-Premier League,2022/23,West Ham,Craig Dawson,ENG,DF,32,1990,8,720,90,21.1,8.0,8,90,8,0,,1,0.88,9,13,-4,-0.5,-0.2,2022,playing_time
ENG-Premier League,2022/23,West Ham,Danny Ings,ENG,FW,30,1992,17,775,46,22.7,8.6,7,79,1,10,22,2,1.24,11,12,-1,-0.12,0.29,2022,playing_time
ENG-Premier League,2022/23,West Ham,Darren Randolph,IRL,GK,35,1987,0,,,,,0,,0,0,,8,,,,,,,2022,playing_time
ENG-Premier League,2022/23,West Ham,Declan Rice,ENG,MF,23,1999,37,3273,88,95.7,36.4,36,90,36,1,33,0,1.08,42,50,-8,-0.22,2.84,2022,playing_time
ENG-Premier League,2022/23,West Ham,Divin Mubama,ENG,FW,17,2004,3,38,13,1.1,0.4,0,,0,3,13,0,1.0,0,0,0,0.0,0.35,2022,playing_time
ENG-Premier League,2022/23,West Ham,Emerson Palmieri,ITA,"MF,DF",27,1994,22,1320,60,38.6,14.7,16,79,9,6,9,13,1.18,15,28,-13,-0.89,-0.89,2022,playing_time
ENG-Premier League,2022/23,West Ham,Flynn Downes,ENG,MF,23,1999,21,762,36,22.3,8.5,7,82,2,14,14,16,1.19,2,15,-13,-1.54,-1.54,2022,playing_time
ENG-Premier League,2022/23,West Ham,Gianluca Scamacca,ITA,FW,23,1999,16,926,58,27.1,10.3,11,73,3,5,24,4,0.88,9,12,-3,-0.29,0.07,2022,playing_time
ENG-Premier League,2022/23,West Ham,Harrison Ashby,SCO,"DF,MF",20,2001,0,,,,,0,,0,0,,3,,,,,,,2022,playing_time
ENG-Premier League,2022/23,West Ham,Jarrod Bowen,ENG,"MF,FW",25,1996,38,3233,85,94.5,35.9,36,89,30,2,19,0,1.05,40,50,-10,-0.28,1.17,2022,playing_time
ENG-Premier League,2022/23,West Ham,Joseph Anang,GHA,GK,22,2000,0,,,,,0,,0,0,,7,,,,,,,2022,playing_time
ENG-Premier League,2022/23,West Ham,Kaelan Casey,ENG,DF,17,2004,0,,,,,0,,0,0,,1,,,,,,,2022,playing_time
ENG-Premier League,2022/23,West Ham,Krisztián Hegyi,HUN,GK,19,2002,0,,,,,0,,0,0,,3,,,,,,,2022,playing_time
ENG-Premier League,2022/23,West Ham,Kurt Zouma,FRA,DF,27,1994,25,1989,80,58.2,22.1,24,82,21,1,22,3,1.2,26,28,-2,-0.09,0.6,2022,playing_time
ENG-Premier League,2022/23,West Ham,Lucas Paquetá,BRA,MF,24,1997,28,2151,77,62.9,23.9,27,79,7,1,24,1,1.11,32,39,-7,-0.29,0.13,2022,playing_time
ENG-Premier League,2022/23,West Ham,Manuel Lanzini,ARG,MF,29,1993,10,252,25,7.4,2.8,2,73,1,8,13,28,0.7,2,5,-3,-1.07,-0.79,2022,playing_time
ENG-Premier League,2022/23,West Ham,Maxwel Cornet,CIV,MF,25,1996,14,245,18,7.2,2.7,2,46,0,12,13,6,0.79,2,5,-3,-1.1,-0.82,2022,playing_time
ENG-Premier League,2022/23,West Ham,Michail Antonio,JAM,FW,32,1990,33,1829,55,53.5,20.3,21,75,2,12,22,1,1.09,23,30,-7,-0.34,-0.01,2022,playing_time
ENG-Premier League,2022/23,West Ham,Nayef Aguerd,MAR,DF,26,1996,18,1595,89,46.6,17.7,17,89,16,1,76,3,1.06,23,28,-5,-0.28,0.11,2022,playing_time
ENG-Premier League,2022/23,West Ham,Nikola Vlašić,CRO,"FW,MF",24,1997,0,,,,,0,,0,0,,1,,,,,,,2022,playing_time
ENG-Premier League,2022/23,West Ham,Pablo Fornals,ESP,MF,26,1996,32,1503,47,43.9,16.7,17,75,3,15,16,6,1.09,17,28,-11,-0.66,-0.56,2022,playing_time
ENG-Premier League,2022/23,West Ham,Saïd Benrahma,ALG,"MF,FW",26,1995,35,2069,59,60.5,23.0,22,77,8,13,28,3,0.89,25,31,-6,-0.26,0.21,2022,playing_time
ENG-Premier League,2022/23,West Ham,Thilo Kehrer,GER,DF,25,1996,27,2230,83,65.2,24.8,25,87,23,2,27,8,1.15,26,34,-8,-0.32,0.06,2022,playing_time
ENG-Premier League,2022/23,West Ham,Tomáš Souček,CZE,MF,27,1995,36,2815,78,82.3,31.3,32,84,24,4,31,1,1.11,38,42,-4,-0.13,1.21,2022,playing_time
ENG-Premier League,2022/23,West Ham,Vladimír Coufal,CZE,"DF,MF",29,1992,27,2136,79,62.5,23.7,24,85,18,3,33,7,1.0,27,35,-8,-0.34,0.01,2022,playing_time
ENG-Premier League,2022/23,West Ham,Łukasz Fabiański,POL,GK,37,1985,36,3111,86,91.0,34.6,36,86,33,0,,0,1.08,37,48,-11,-0.32,0.26,2022,playing_time
ENG-Premier League,2022/23,Wolves,Adama Traoré,ESP,"MF,FW",26,1996,34,1496,44,43.7,16.6,12,73,3,22,28,2,1.18,12,30,-18,-1.08,-0.66,2022,playing_time
ENG-Premier League,2022/23,Wolves,Boubacar Traoré,MLI,MF,20,2001,10,411,41,12.0,4.6,4,82,2,6,14,1,0.5,4,9,-5,-1.09,-0.44,2022,playing_time
ENG-Premier League,2022/23,Wolves,Chem Campbell,WAL,"FW,MF",19,2002,5,74,15,2.2,0.8,0,,0,5,15,9,0.0,0,2,-2,-2.43,-1.76,2022,playing_time
ENG-Premier League,2022/23,Wolves,Connor Ronan,IRL,MF,24,1998,1,1,1,0.0,0.0,0,,0,1,1,10,0.0,0,0,0,0.0,0.71,2022,playing_time
ENG-Premier League,2022/23,Wolves,Conor Coady,ENG,"DF,MF",29,1993,0,,,,,0,,0,0,,1,,,,,,,2022,playing_time
ENG-Premier League,2022/23,Wolves,Craig Dawson,ENG,DF,32,1990,17,1414,83,41.3,15.7,17,83,14,0,,1,1.41,16,18,-2,-0.13,0.99,2022,playing_time
ENG-Premier League,2022/23,Wolves,Daniel Bentley,ENG,GK,29,1993,2,180,90,5.3,2.0,2,90,2,0,,16,0.5,1,3,-2,-1.0,-0.31,2022,playing_time
ENG-Premier League,2022/23,Wolves,Daniel Podence,POR,"MF,FW",26,1995,32,1771,55,51.8,19.7,20,74,8,12,24,3,0.81,13,31,-18,-0.91,-0.42,2022,playing_time
ENG-Premier League,2022/23,Wolves,Dexter Lembikisa,JAM,"DF,MF",18,2003,1,23,23,0.7,0.3,0,,0,1,23,1,0.0,0,1,-1,-3.91,-3.22,2022,playing_time
ENG-Premier League,2022/23,Wolves,Diego Costa,ESP,FW,33,1988,23,1241,54,36.3,13.8,16,68,1,7,22,2,1.26,15,17,-2,-0.15,0.89,2022,playing_time
ENG-Premier League,2022/23,Wolves,Gonçalo Guedes,POR,"FW,MF",25,1996,13,707,54,20.7,7.9,8,71,1,5,27,4,0.77,4,12,-8,-1.02,-0.39,2022,playing_time
ENG-Premier League,2022/23,Wolves,Harvey Griffiths,ENG,MF,18,2003,0,,,,,0,,0,0,,1,,,,,,,2022,playing_time
ENG-Premier League,2022/23,Wolves,Hugo Bueno,ESP,DF,19,2002,21,1310,62,38.3,14.6,16,75,7,5,21,9,1.05,12,29,-17,-1.17,-0.74,2022,playing_time
ENG-Premier League,2022/23,Wolves,Hwang Hee-chan,KOR,"FW,MF",26,1996,27,1130,42,33.0,12.6,12,66,1,15,23,2,1.15,12,18,-6,-0.48,0.35,2022,playing_time
ENG-Premier League,2022/23,Wolves,Joe Hodge,IRL,MF,19,2002,6,175,29,5.1,1.9,1,58,0,5,23,11,1.17,1,5,-4,-2.06,-1.42,2022,playing_time
ENG-Premier League,2022/23,Wolves,Jonny Castro,ESP,DF,28,1994,18,1261,70,36.9,14.0,14,84,9,4,22,8,1.0,8,20,-12,-0.86,-0.23,2022,playing_time
ENG-Premier League,2022/23,Wolves,José Sá,POR,GK,29,1993,36,3240,90,94.7,36.0,36,90,36,0,,2,1.11,30,55,-25,-0.69,0.31,2022,playing_time
ENG-Premier League,2022/23,Wolves,João Gomes,BRA,MF,21,2001,11,653,59,19.1,7.3,7,80,4,4,23,6,1.18,10,18,-8,-1.1,-0.48,2022,playing_time
ENG-Premier League,2022/23,Wolves,João Moutinho,POR,MF,35,1986,31,1780,57,52.0,19.8,20,74,6,11,27,2,1.16,12,28,-16,-0.81,-0.21,2022,playing_time
ENG-Premier League,2022/23,Wolves,Leander Dendoncker,BEL,MF,27,1995,4,214,54,6.3,2.4,2,90,2,2,17,1,0.5,1,3,-2,-0.84,-0.14,2022,playing_time
ENG-Premier League,2022/23,Wolves,Luke Cundle,ENG,MF,20,2002,0,,,,,0,,0,0,,3,,,,,,,2022,playing_time
ENG-Premier League,2022/23,Wolves,Mario Lemina,GAB,MF,28,1993,19,1299,68,38.0,14.4,17,74,8,2,18,0,1.42,14,28,-14,-0.97,-0.42,2022,playing_time
ENG-Premier League,2022/23,Wolves,Matheus Cunha,BRA,FW,23,1999,17,965,57,28.2,10.7,12,70,1,5,26,3,1.65,13,12,1,0.09,1.12,2022,playing_time
ENG-Premier League,2022/23,Wolves,Matheus Nunes,POR,MF,23,1998,34,2467,73,72.1,27.4,30,79,14,4,22,0,1.14,21,41,-20,-0.73,-0.07,2022,playing_time
ENG-Premier League,2022/23,Wolves,Matija Šarkić,MNE,GK,25,1997,0,,,,,0,,0,0,,20,,,,,,,2022,playing_time
ENG-Premier League,2022/23,Wolves,Max Kilman,ENG,DF,25,1997,37,3307,89,96.7,36.7,37,89,36,0,,1,1.08,30,56,-26,-0.71,0.09,2022,playing_time
ENG-Premier League,2022/23,Wolves,Morgan Gibbs-White,ENG,MF,22,2000,2,180,90,5.3,2.0,2,90,2,0,,0,0.5,1,2,-1,-0.5,0.22,2022,playing_time
ENG-Premier League,2022/23,Wolves,Nathan Collins,IRL,DF,21,2001,26,1814,70,53.0,20.2,19,87,18,7,23,9,1.04,16,36,-20,-0.99,-0.6,2022,playing_time
ENG-Premier League,2022/23,Wolves,Nathan Fraser,IRL,FW,17,2005,0,,,,,0,,0,0,,1,,,,,,,2022,playing_time
ENG-Premier League,2022/23,Wolves,Nélson Semedo,POR,DF,28,1993,36,2632,73,77.0,29.2,31,83,23,5,15,1,1.06,25,42,-17,-0.58,0.56,2022,playing_time
ENG-Premier League,2022/23,Wolves,Pablo Sarabia,ESP,"MF,FW",30,1992,13,765,59,22.4,8.5,9,68,2,4,38,5,1.38,11,9,2,0.24,1.22,2022,playing_time
ENG-Premier League,2022/23,Wolves,Pedro Neto,POR,"MF,FW",22,2000,18,964,54,28.2,10.7,13,69,2,5,13,3,1.06,7,15,-8,-0.75,-0.05,2022,playing_time
ENG-Premier League,2022/23,Wolves,Rayan Aït-Nouri,ALG,"DF,MF",21,2001,21,1076,51,31.5,12.0,9,81,4,12,29,7,1.0,8,18,-10,-0.84,-0.18,2022,playing_time
ENG-Premier League,2022/23,Wolves,Raúl Jiménez,MEX,FW,31,1991,15,846,56,24.7,9.4,8,82,5,7,27,5,0.8,7,18,-11,-1.17,-0.61,2022,playing_time
ENG-Premier League,2022/23,Wolves,Rúben Neves,POR,MF,25,1997,35,3019,86,88.3,33.5,33,89,30,2,45,0,1.0,26,48,-22,-0.66,0.47,2022,playing_time
ENG-Premier League,2022/23,Wolves,Saša Kalajdžić,AUT,FW,25,1997,1,45,45,1.3,0.5,1,45,0,0,,0,3.0,1,0,1,2.0,2.75,2022,playing_time
ENG-Premier League,2022/23,Wolves,Toti Gomes,POR,DF,23,1999,17,984,58,28.8,10.9,10,85,7,7,19,11,1.41,10,14,-4,-0.37,0.48,2022,playing_time
ENG-Premier League,2022/23,Wolves,Willy Boly,CIV,DF,31,1991,0,,,,,0,,0,0,,3,,,,,,,2022,playing_time
ENG-Premier League,2022/23,Wolves,Yerson Mosquera,COL,DF,21,2001,0,,,,,0,,0,0,,11,,,,,,,2022,playing_time
